ProductionID,MachineID,DateProduced,ShiftID,ProductID,PlannedQuantity,ActualQuantity,DefectiveUnits,PlannedHours,ActualProductionHours,OEE_Percent,Production_Cost
1,P004-L4-M3,2025-01-01,S1,PRD0015,2636,2168,126,8,7.97,80.36,60175.24
2,P001-L3-M2,2025-01-01,S1,PRD0001,3794,3599,179,8,7.58,94.22,103712.11
3,P003-L4-M2,2025-01-01,S1,PRD0014,1805,1503,17,8,7.65,86.16,43089.21
4,P003-L5-M3,2025-01-01,S1,PRD0017,2856,2372,150,8,7.91,78.15,76678.08
5,P001-L3-M3,2025-01-01,S1,PRD0007,2217,1978,98,8,7.93,86.03,54623.86
6,P003-L1-M1,2025-01-01,S1,PRD0015,3087,2574,128,8,7.63,85.69,88522.76
7,P002-L2-M3,2025-01-01,S1,PRD0019,1918,1688,56,8,7.8,84.63,55795.84
8,P001-L3-M1,2025-01-01,S1,PRD0017,4387,3885,201,8,7.67,89.55,106432.98
9,P004-L1-M1,2025-01-01,S1,PRD0001,4345,3970,127,8,7.78,91.04,112324.76
10,P003-L1-M3,2025-01-01,S1,PRD0006,3297,3055,94,8,7.83,93.37,97886.8
11,P003-L3-M1,2025-01-01,S1,PRD0001,2887,2400,67,8,7.54,86.76,76577.05
12,P004-L2-M3,2025-01-01,S1,PRD0020,3308,3145,142,8,7.52,93.88,85922.59
13,P004-L4-M1,2025-01-01,S1,PRD0020,3944,3293,172,8,7.58,83.37,95521.89
14,P001-L2-M1,2025-01-01,S1,PRD0016,2628,2308,92,8,7.79,92.26,64461.84
15,P004-L1-M3,2025-01-01,S1,PRD0012,3257,2828,146,8,7.91,86.93,89884.73
16,P001-L4-M2,2025-01-01,S1,PRD0007,3316,2992,96,8,7.67,93.86,77103.98
17,P004-L2-M2,2025-01-01,S1,PRD0015,2470,2134,58,8,7.72,88.23,65803.81
18,P001-L5-M3,2025-01-01,S1,PRD0006,1813,1647,50,8,7.51,93.66,56794.88
19,P003-L4-M1,2025-01-01,S1,PRD0010,4227,3739,112,8,7.65,83.78,105862.99
20,P003-L2-M1,2025-01-01,S1,PRD0009,2292,2079,76,8,7.65,87.38,61056.61
21,P002-L5-M2,2025-01-01,S1,PRD0001,2598,2222,106,8,7.85,86.98,64779.8
22,P003-L1-M2,2025-01-01,S1,PRD0007,1999,1791,77,8,7.6,86.81,48789.2
23,P001-L2-M3,2025-01-01,S1,PRD0020,4497,3996,101,8,7.74,87.2,103323.63
24,P001-L4-M3,2025-01-01,S1,PRD0005,3214,2897,36,8,7.91,90.39,99314.62
25,P002-L3-M3,2025-01-01,S1,PRD0012,3074,2605,135,8,7.79,87.57,87669.33
26,P004-L5-M1,2025-01-01,S1,PRD0003,2602,2155,64,8,7.71,86.68,65154.83
27,P001-L1-M3,2025-01-01,S1,PRD0017,2988,2781,123,8,7.98,94.38,72133.2
28,P004-L3-M1,2025-01-01,S1,PRD0017,4683,4070,257,8,7.53,86.15,106700.5
29,P001-L4-M1,2025-01-01,S1,PRD0003,3117,2583,163,8,7.93,82.62,78341.56
30,P004-L3-M3,2025-01-01,S1,PRD0015,4432,4048,201,8,7.63,90.29,120093.09
31,P003-L4-M3,2025-01-01,S1,PRD0014,4128,3652,38,8,7.8,89.83,124786.89
32,P002-L3-M1,2025-01-01,S1,PRD0008,2311,1913,20,8,7.84,78.83,54870.48
33,P002-L2-M2,2025-01-01,S1,PRD0012,4137,3642,156,8,7.54,89.15,119723.42
34,P004-L3-M2,2025-01-01,S1,PRD0005,3797,3518,84,8,7.9,94.08,111261.38
35,P002-L4-M2,2025-01-01,S1,PRD0010,1780,1528,79,8,7.93,89.29,39601.85
36,P002-L2-M1,2025-01-01,S1,PRD0002,2078,1940,78,8,7.76,90.96,59127.07
37,P004-L5-M3,2025-01-01,S1,PRD0003,2999,2680,77,8,7.88,86.53,84176.03
38,P001-L5-M2,2025-01-01,S1,PRD0008,3664,3344,119,8,7.99,91.05,106335.84
39,P002-L1-M3,2025-01-01,S1,PRD0011,2905,2739,31,8,7.86,97.83,92720.8
40,P003-L3-M2,2025-01-01,S1,PRD0014,3262,3009,163,8,7.74,92.9,84195.03
41,P002-L5-M1,2025-01-01,S1,PRD0001,1801,1569,23,8,7.76,91.79,42617.33
42,P003-L2-M3,2025-01-01,S1,PRD0018,3593,3113,112,8,7.6,82.21,92552.62
43,P002-L5-M3,2025-01-01,S1,PRD0006,2112,1931,74,8,7.98,87.63,57148.07
44,P001-L5-M1,2025-01-01,S1,PRD0019,2065,1887,29,8,7.87,87.2,58895.95
45,P004-L4-M2,2025-01-01,S1,PRD0018,3542,3025,145,8,7.72,81.61,97670.26
46,P003-L5-M1,2025-01-01,S2,PRD0007,3226,2989,102,8,7.9,92.69,95899.27
47,P003-L5-M3,2025-01-01,S2,PRD0004,3146,2603,57,8,7.9,80.28,75595.11
48,P003-L3-M1,2025-01-01,S2,PRD0020,2957,2638,71,8,7.99,91.51,69059.83
49,P004-L5-M1,2025-01-01,S2,PRD0014,3166,2880,74,8,7.57,90.24,75005.42
50,P004-L4-M2,2025-01-01,S2,PRD0001,3861,3315,128,8,7.96,81.58,101815.71
51,P001-L3-M1,2025-01-01,S2,PRD0014,4790,4535,77,8,7.58,97.36,137674.93
52,P001-L5-M1,2025-01-01,S2,PRD0009,2141,1767,107,8,7.64,81.61,58944.96
53,P003-L5-M2,2025-01-01,S2,PRD0010,2794,2619,63,8,7.94,89.17,85204.59
54,P001-L2-M2,2025-01-01,S2,PRD0016,2204,1839,66,8,7.9,85.6,55720.86
55,P001-L5-M2,2025-01-01,S2,PRD0014,3229,2916,144,8,7.68,85.52,91221.3
56,P001-L1-M1,2025-01-01,S2,PRD0004,2265,2074,35,8,7.57,95.7,58371.12
57,P002-L3-M1,2025-01-01,S2,PRD0018,2609,2205,108,8,7.58,87.56,60946.65
58,P001-L2-M3,2025-01-01,S2,PRD0004,4496,4067,243,8,8.0,87.78,140095.49
59,P003-L3-M3,2025-01-01,S2,PRD0001,2082,1782,82,8,7.73,90.05,48712.05
60,P004-L4-M1,2025-01-01,S2,PRD0005,3830,3450,76,8,7.93,87.82,100430.22
61,P003-L1-M2,2025-01-01,S2,PRD0009,1931,1719,47,8,7.67,85.42,54611.9
62,P004-L1-M3,2025-01-01,S2,PRD0016,3336,2954,109,8,7.92,90.74,77993.34
63,P001-L4-M1,2025-01-01,S2,PRD0011,3037,2810,116,8,7.88,88.06,97379.99
64,P001-L3-M3,2025-01-01,S2,PRD0020,2153,1845,24,8,7.69,83.44,58381.22
65,P001-L4-M3,2025-01-01,S2,PRD0008,3689,3162,98,8,7.65,88.83,90716.09
66,P002-L5-M3,2025-01-01,S2,PRD0019,2305,2129,31,8,7.59,90.77,59544.51
67,P002-L2-M2,2025-01-01,S2,PRD0002,3730,3103,159,8,7.53,81.83,86694.98
68,P003-L3-M2,2025-01-01,S2,PRD0005,3315,2758,30,8,7.62,85.12,79285.49
69,P002-L3-M2,2025-01-01,S2,PRD0010,2489,2253,129,8,7.54,86.43,61022.32
70,P001-L1-M3,2025-01-01,S2,PRD0020,2967,2748,108,8,7.66,88.58,69238.83
71,P004-L2-M1,2025-01-01,S2,PRD0016,1862,1565,89,8,7.77,81.5,43936.2
72,P002-L4-M3,2025-01-01,S2,PRD0005,3541,2973,48,8,7.67,81.6,86954.32
73,P003-L4-M3,2025-01-01,S2,PRD0017,3831,3308,95,8,7.6,89.75,110944.92
74,P004-L3-M3,2025-01-01,S2,PRD0005,4999,4258,202,8,7.68,83.37,118769.22
75,P003-L2-M1,2025-01-01,S2,PRD0017,2243,1861,51,8,7.89,85.38,56311.66
76,P004-L5-M2,2025-01-01,S2,PRD0009,2578,2302,103,8,7.6,86.56,69536.17
77,P001-L2-M1,2025-01-01,S2,PRD0015,2713,2425,116,8,7.74,89.78,61048.49
78,P003-L4-M2,2025-01-01,S2,PRD0009,2130,2025,94,8,7.9,95.7,56641.78
79,P002-L5-M2,2025-01-01,S2,PRD0017,2696,2546,130,8,7.95,95.8,82240.66
80,P004-L3-M1,2025-01-01,S2,PRD0006,4704,4348,151,8,7.79,88.92,111429.49
81,P002-L1-M1,2025-01-01,S2,PRD0005,4220,3729,98,8,7.57,93.36,110583.58
82,P001-L3-M2,2025-01-01,S2,PRD0011,3849,3237,89,8,7.72,85.1,101738.66
83,P004-L1-M2,2025-01-01,S2,PRD0002,4626,4093,224,8,7.83,90.74,136365.42
84,P002-L2-M1,2025-01-01,S2,PRD0015,1952,1752,58,8,7.91,90.1,54072.73
85,P002-L2-M3,2025-01-01,S2,PRD0012,2027,1916,58,8,7.92,94.64,56620.69
86,P004-L4-M3,2025-01-01,S2,PRD0015,2440,2292,76,8,7.61,90.94,75587.55
87,P002-L1-M2,2025-01-01,S2,PRD0020,4198,3595,110,8,7.77,85.2,116849.35
88,P002-L1-M3,2025-01-01,S2,PRD0009,2629,2310,109,8,7.9,85.25,72868.84
89,P004-L2-M3,2025-01-01,S2,PRD0003,3170,2925,94,8,7.97,88.57,93154.2
90,P001-L4-M2,2025-01-01,S2,PRD0004,3393,3075,153,8,7.88,85.77,77983.47
91,P002-L1-M1,2025-01-01,S3,PRD0015,3889,3351,39,8,7.68,84.6,108119.13
92,P003-L1-M3,2025-01-01,S3,PRD0019,3077,2558,127,8,7.54,81.31,83543.92
93,P004-L2-M2,2025-01-01,S3,PRD0019,2390,1762,72,8,7.44,73.31,52267.1
94,P001-L3-M1,2025-01-01,S3,PRD0008,4767,4437,104,8,7.74,89.63,151383.45
95,P001-L1-M1,2025-01-01,S3,PRD0015,2111,1790,106,8,7.57,86.46,60884.05
96,P004-L3-M2,2025-01-01,S3,PRD0010,3968,2862,98,8,7.4,68.45,79558.63
97,P004-L4-M3,2025-01-01,S3,PRD0011,2300,1997,48,8,7.4,89.27,64577.8
98,P001-L5-M1,2025-01-01,S3,PRD0008,2025,1712,38,8,7.1,87.12,43567.95
99,P004-L5-M2,2025-01-01,S3,PRD0009,2762,2124,32,8,7.74,72.22,62151.44
100,P001-L1-M3,2025-01-01,S3,PRD0015,2900,2442,104,8,7.47,80.8,74139.19
101,P001-L4-M1,2025-01-01,S3,PRD0007,2996,2589,122,8,7.07,83.04,74819.4
102,P002-L3-M1,2025-01-01,S3,PRD0001,2276,1756,88,8,7.57,72.51,52606.35
103,P002-L5-M1,2025-01-01,S3,PRD0012,2015,1479,33,8,7.46,77.69,38113.78
104,P003-L1-M1,2025-01-01,S3,PRD0012,3099,2779,84,8,7.86,92.76,83904.35
105,P004-L1-M2,2025-01-01,S3,PRD0013,3996,3739,46,8,7.78,94.61,125460.01
106,P001-L2-M1,2025-01-01,S3,PRD0001,2505,2404,29,8,7.05,99.63,82645.71
107,P004-L1-M1,2025-01-01,S3,PRD0019,4348,3320,79,8,7.07,78.35,94480.8
108,P003-L5-M1,2025-01-01,S3,PRD0004,3314,2832,131,8,7.38,81.05,98491.88
109,P003-L2-M1,2025-01-01,S3,PRD0018,2398,2193,99,8,7.51,96.21,56453.34
110,P003-L3-M3,2025-01-01,S3,PRD0007,2111,1557,31,8,7.83,73.65,44312.75
111,P002-L4-M3,2025-01-01,S3,PRD0019,3466,2886,40,8,7.43,87.31,93727.57
112,P002-L5-M3,2025-01-01,S3,PRD0002,2303,1872,64,8,7.39,83.19,62873.57
113,P003-L3-M2,2025-01-01,S3,PRD0017,3087,2883,98,8,7.75,89.61,86384.57
114,P003-L2-M2,2025-01-01,S3,PRD0005,2562,1852,99,8,7.9,67.38,61018.08
115,P004-L3-M1,2025-01-01,S3,PRD0001,3975,3378,150,8,7.49,80.86,91318.13
116,P004-L5-M3,2025-01-01,S3,PRD0017,2891,2127,103,8,7.34,69.47,72327.07
117,P003-L4-M1,2025-01-01,S3,PRD0019,3975,3257,154,8,7.66,77.66,89124.04
118,P001-L3-M2,2025-01-01,S3,PRD0009,3626,3298,37,8,7.76,92.1,101186.76
119,P003-L5-M2,2025-01-01,S3,PRD0004,2504,2194,71,8,7.51,88.4,63246.16
120,P003-L2-M3,2025-01-01,S3,PRD0015,3455,3039,58,8,7.47,87.6,88771.18
121,P004-L2-M3,2025-01-01,S3,PRD0015,3484,2830,97,8,7.33,79.3,74179.2
122,P002-L2-M3,2025-01-01,S3,PRD0005,1820,1325,14,8,7.34,73.42,42976.7
123,P004-L4-M2,2025-01-01,S3,PRD0011,3645,3156,147,8,7.27,87.63,82206.69
124,P002-L1-M2,2025-01-01,S3,PRD0013,4140,3256,155,8,7.53,77.5,108621.61
125,P001-L3-M3,2025-01-01,S3,PRD0013,1897,1792,92,8,7.26,99.15,61768.42
126,P002-L1-M3,2025-01-01,S3,PRD0008,2887,2421,134,8,7.8,79.54,66448.31
127,P001-L5-M3,2025-01-01,S3,PRD0008,1819,1685,90,8,7.25,90.16,43068.84
128,P004-L2-M1,2025-01-01,S3,PRD0004,2003,1458,79,8,7.65,69.17,38192.68
129,P003-L4-M3,2025-01-01,S3,PRD0006,3573,3393,122,8,7.08,90.78,112352.57
130,P002-L2-M1,2025-01-01,S3,PRD0013,1997,1553,60,8,7.86,82.29,44603.61
131,P003-L1-M2,2025-01-01,S3,PRD0016,2015,1704,26,8,7.18,87.49,54122.37
132,P001-L5-M2,2025-01-01,S3,PRD0014,3412,2617,52,8,7.48,81.2,65910.99
133,P003-L5-M3,2025-01-01,S3,PRD0012,2793,2173,135,8,7.12,77.15,55178.8
134,P002-L3-M3,2025-01-01,S3,PRD0009,2814,2129,45,8,7.19,75.09,62408.85
135,P004-L3-M3,2025-01-01,S3,PRD0014,4259,3609,111,8,7.33,81.73,126149.61
136,P004-L3-M1,2025-01-02,S1,PRD0017,4323,3710,126,8,7.92,86.98,104214.5
137,P003-L5-M3,2025-01-02,S1,PRD0007,3487,3045,96,8,7.57,84.57,78045.82
138,P002-L1-M2,2025-01-02,S1,PRD0015,4236,3933,111,8,7.8,91.11,135051.99
139,P001-L2-M2,2025-01-02,S1,PRD0008,2078,1857,50,8,7.89,85.17,50156.35
140,P003-L4-M3,2025-01-02,S1,PRD0009,3955,3681,110,8,7.68,93.2,102603.66
141,P003-L5-M2,2025-01-02,S1,PRD0013,2869,2452,161,8,7.94,83.95,61556.61
142,P003-L3-M1,2025-01-02,S1,PRD0006,3300,2745,30,8,7.89,78.33,87167.5
143,P001-L2-M1,2025-01-02,S1,PRD0006,2936,2710,27,8,7.59,95.5,74319.41
144,P001-L1-M1,2025-01-02,S1,PRD0014,2464,2210,73,8,7.61,93.28,69634.03
145,P004-L5-M2,2025-01-02,S1,PRD0005,3008,2491,46,8,7.87,78.86,71696.01
146,P004-L1-M1,2025-01-02,S1,PRD0003,4515,4110,147,8,7.95,88.07,123047.93
147,P002-L5-M2,2025-01-02,S1,PRD0004,2771,2597,74,8,7.78,90.5,88638.78
148,P004-L2-M3,2025-01-02,S1,PRD0010,3804,3341,140,8,7.68,89.97,102750.0
149,P002-L4-M1,2025-01-02,S1,PRD0006,3444,3163,186,8,7.55,88.27,96348.57
150,P001-L5-M2,2025-01-02,S1,PRD0013,3938,3563,212,8,7.9,92.28,102307.77
151,P002-L2-M1,2025-01-02,S1,PRD0020,2019,1740,47,8,7.58,89.74,53995.8
152,P004-L4-M3,2025-01-02,S1,PRD0001,2626,2514,118,8,7.73,95.24,73544.43
153,P003-L2-M2,2025-01-02,S1,PRD0001,2850,2704,57,8,7.5,93.84,80882.85
154,P002-L2-M2,2025-01-02,S1,PRD0012,3990,3810,154,8,7.66,98.42,108639.88
155,P004-L2-M1,2025-01-02,S1,PRD0013,2014,1721,40,8,7.95,84.86,56782.56
156,P004-L1-M3,2025-01-02,S1,PRD0011,3642,3240,102,8,7.53,89.43,99195.76
157,P001-L3-M3,2025-01-02,S1,PRD0010,2068,1906,105,8,7.71,96.5,48379.38
158,P004-L2-M2,2025-01-02,S1,PRD0010,2433,2109,95,8,7.87,84.65,61248.56
159,P003-L1-M2,2025-01-02,S1,PRD0011,2093,1910,101,8,7.61,89.49,58980.5
160,P003-L2-M3,2025-01-02,S1,PRD0004,3601,3056,147,8,7.6,84.4,102343.0
161,P003-L1-M1,2025-01-02,S1,PRD0001,3241,2986,108,8,7.87,95.79,100053.02
162,P003-L3-M3,2025-01-02,S1,PRD0001,2037,1791,56,8,7.5,85.63,51939.67
163,P002-L5-M3,2025-01-02,S1,PRD0019,2177,2032,119,8,7.83,90.32,54603.93
164,P004-L5-M1,2025-01-02,S1,PRD0006,2882,2624,32,8,7.91,92.14,79483.79
165,P003-L3-M2,2025-01-02,S1,PRD0015,3481,3258,135,8,7.51,97.26,91665.78
166,P004-L4-M1,2025-01-02,S1,PRD0005,4405,4012,43,8,7.91,86.56,123342.65
167,P002-L4-M3,2025-01-02,S1,PRD0013,3503,2956,95,8,7.79,82.45,98370.72
168,P004-L4-M2,2025-01-02,S1,PRD0010,3926,3347,195,8,7.66,81.68,95266.8
169,P003-L2-M1,2025-01-02,S1,PRD0005,2243,2049,61,8,7.67,92.61,69928.94
170,P002-L3-M2,2025-01-02,S1,PRD0010,2483,2205,94,8,7.58,93.24,62371.79
171,P003-L1-M3,2025-01-02,S1,PRD0002,3476,3134,99,8,7.93,88.69,100488.59
172,P002-L3-M3,2025-01-02,S1,PRD0007,3285,2845,103,8,7.7,89.73,89230.25
173,P002-L4-M2,2025-01-02,S1,PRD0008,1732,1614,23,8,7.77,89.26,42535.03
174,P001-L1-M2,2025-01-02,S1,PRD0004,3360,3079,125,8,7.83,90.76,85993.33
175,P001-L3-M2,2025-01-02,S1,PRD0005,3787,3537,196,8,7.58,97.3,90288.59
176,P004-L5-M3,2025-01-02,S1,PRD0011,3370,2799,61,8,7.99,80.91,83892.88
177,P001-L5-M1,2025-01-02,S1,PRD0005,2051,1894,101,8,7.87,97.26,58710.49
178,P001-L4-M2,2025-01-02,S1,PRD0011,3196,2942,77,8,7.54,88.42,96766.44
179,P001-L1-M3,2025-01-02,S1,PRD0004,2907,2582,115,8,7.51,93.44,73345.57
180,P003-L4-M2,2025-01-02,S1,PRD0003,2150,1972,102,8,7.94,90.77,49751.93
181,P001-L1-M2,2025-01-02,S2,PRD0010,3873,3578,127,8,7.79,94.66,114446.28
182,P002-L3-M2,2025-01-02,S2,PRD0001,2512,2396,94,8,7.59,91.47,60468.67
183,P004-L1-M2,2025-01-02,S2,PRD0013,5248,4537,165,8,7.97,89.9,157858.08
184,P002-L5-M2,2025-01-02,S2,PRD0018,2713,2477,145,8,7.97,94.99,77758.37
185,P003-L5-M3,2025-01-02,S2,PRD0020,3428,3056,30,8,7.77,87.97,104937.52
186,P004-L5-M2,2025-01-02,S2,PRD0001,2978,2499,57,8,7.95,83.67,82859.53
187,P001-L1-M1,2025-01-02,S2,PRD0015,2674,2239,57,8,7.54,78.76,65947.93
188,P001-L3-M3,2025-01-02,S2,PRD0014,2248,2117,72,8,7.54,90.19,70461.52
189,P004-L5-M1,2025-01-02,S2,PRD0001,3501,3348,129,8,7.91,91.82,93919.64
190,P004-L1-M1,2025-01-02,S2,PRD0020,5253,4902,245,8,7.79,93.33,153566.71
191,P002-L4-M1,2025-01-02,S2,PRD0007,3853,3483,85,8,7.56,94.43,92467.27
192,P002-L2-M1,2025-01-02,S2,PRD0002,2269,2050,57,8,7.67,95.2,58492.85
193,P003-L4-M2,2025-01-02,S2,PRD0005,2178,1788,46,8,8.0,86.9,51268.15
194,P003-L3-M2,2025-01-02,S2,PRD0004,4024,3512,62,8,7.71,85.34,99272.74
195,P003-L1-M2,2025-01-02,S2,PRD0017,2389,2127,134,8,7.68,85.51,59227.63
196,P004-L4-M3,2025-01-02,S2,PRD0006,2877,2448,161,8,7.67,85.91,61223.3
197,P002-L4-M2,2025-01-02,S2,PRD0015,2016,1769,99,8,7.66,92.57,51231.04
198,P004-L5-M3,2025-01-02,S2,PRD0018,3423,3041,77,8,7.54,90.29,82500.73
199,P001-L2-M1,2025-01-02,S2,PRD0010,2907,2520,72,8,7.67,88.88,65434.3
200,P003-L1-M3,2025-01-02,S2,PRD0012,3822,3274,68,8,7.83,84.28,105422.01
201,P004-L3-M3,2025-01-02,S2,PRD0003,4788,4031,213,8,7.74,85.99,101925.14
202,P004-L4-M1,2025-01-02,S2,PRD0010,4833,4114,192,8,7.91,84.36,136110.42
203,P001-L2-M2,2025-01-02,S2,PRD0019,2148,1875,94,8,7.88,91.38,64858.05
204,P003-L3-M1,2025-01-02,S2,PRD0004,3413,3269,165,8,7.58,99.34,96551.86
205,P001-L5-M2,2025-01-02,S2,PRD0011,4056,3652,66,8,7.78,90.26,109652.3
206,P004-L2-M1,2025-01-02,S2,PRD0017,2076,1721,57,8,7.64,84.72,48014.16
207,P004-L2-M2,2025-01-02,S2,PRD0008,2830,2437,69,8,7.92,89.18,78233.29
208,P002-L5-M3,2025-01-02,S2,PRD0002,2514,2353,51,8,7.78,96.47,65757.26
209,P003-L3-M3,2025-01-02,S2,PRD0017,2318,2200,35,8,7.64,91.55,62317.26
210,P001-L3-M2,2025-01-02,S2,PRD0016,4236,3936,161,8,7.87,91.44,120844.7
211,P001-L5-M3,2025-01-02,S2,PRD0017,2252,1850,106,8,7.82,78.02,59452.02
212,P003-L2-M3,2025-01-02,S2,PRD0018,4054,3606,136,8,7.84,92.39,107533.69
213,P004-L3-M2,2025-01-02,S2,PRD0016,4501,4053,209,8,7.92,85.51,125955.54
214,P002-L1-M1,2025-01-02,S2,PRD0020,4090,3416,150,8,7.99,78.68,102726.86
215,P001-L4-M1,2025-01-02,S2,PRD0005,3077,2754,99,8,7.79,90.08,82417.7
216,P002-L1-M3,2025-01-02,S2,PRD0010,3127,2753,110,8,7.7,93.01,85731.8
217,P003-L4-M1,2025-01-02,S2,PRD0011,4437,3736,44,8,7.57,86.41,102028.98
218,P001-L3-M1,2025-01-02,S2,PRD0006,5678,4722,225,8,7.98,80.39,127668.72
219,P004-L1-M3,2025-01-02,S2,PRD0013,3755,3267,93,8,7.73,88.47,105080.97
220,P002-L3-M1,2025-01-02,S2,PRD0009,2654,2547,29,8,7.52,92.05,89095.25
221,P002-L4-M3,2025-01-02,S2,PRD0010,4022,3427,160,8,7.63,83.88,110975.69
222,P004-L4-M2,2025-01-02,S2,PRD0007,4354,3667,221,8,7.88,87.2,118288.09
223,P003-L2-M2,2025-01-02,S2,PRD0018,2760,2372,28,8,7.83,83.32,81289.28
224,P003-L4-M3,2025-01-02,S2,PRD0016,3966,3690,164,8,7.6,89.34,115060.8
225,P002-L3-M3,2025-01-02,S2,PRD0008,3618,3409,190,8,7.67,92.01,109336.33
226,P002-L3-M1,2025-01-02,S3,PRD0003,2299,2088,84,8,7.04,89.38,58768.12
227,P003-L1-M2,2025-01-02,S3,PRD0020,1890,1693,41,8,7.69,86.96,48717.5
228,P002-L5-M1,2025-01-02,S3,PRD0014,1896,1705,50,8,7.72,89.72,57195.21
229,P004-L4-M3,2025-01-02,S3,PRD0012,2206,1567,59,8,7.07,66.47,51697.95
230,P004-L5-M2,2025-01-02,S3,PRD0011,2407,2002,29,8,7.78,87.97,59395.86
231,P004-L2-M1,2025-01-02,S3,PRD0014,1801,1288,24,8,7.23,73.68,43908.11
232,P003-L3-M3,2025-01-02,S3,PRD0018,1756,1395,28,8,7.16,77.55,42540.57
233,P001-L1-M1,2025-01-02,S3,PRD0009,1991,1690,84,8,7.23,83.41,46348.95
234,P002-L2-M3,2025-01-02,S3,PRD0001,1710,1417,26,8,7.48,79.82,46075.72
235,P003-L2-M1,2025-01-02,S3,PRD0014,1861,1615,20,8,7.59,90.33,40687.77
236,P002-L1-M1,2025-01-02,S3,PRD0001,3490,2908,68,8,7.18,82.93,99877.04
237,P004-L3-M2,2025-01-02,S3,PRD0012,3618,3040,153,8,7.61,88.24,96415.9
238,P003-L4-M3,2025-01-02,S3,PRD0020,3657,2947,148,8,7.25,82.18,85411.19
239,P001-L2-M3,2025-01-02,S3,PRD0009,3646,2846,38,8,7.66,81.32,92541.86
240,P002-L5-M3,2025-01-02,S3,PRD0008,2177,1803,76,8,7.4,80.62,49388.28
241,P003-L1-M1,2025-01-02,S3,PRD0006,2839,2054,74,8,7.27,72.77,63598.5
242,P003-L2-M2,2025-01-02,S3,PRD0011,2170,1757,57,8,7.05,79.75,48311.87
243,P004-L5-M3,2025-01-02,S3,PRD0014,2756,2450,137,8,7.74,85.46,78316.28
244,P002-L4-M2,2025-01-02,S3,PRD0018,1629,1144,29,8,7.29,73.55,32778.16
245,P002-L2-M1,2025-01-02,S3,PRD0005,1805,1322,46,8,7.66,77.84,37946.1
246,P002-L4-M1,2025-01-02,S3,PRD0008,2953,2791,149,8,7.1,97.85,90601.86
247,P004-L4-M1,2025-01-02,S3,PRD0006,3485,2880,106,8,7.7,78.37,81122.83
248,P004-L4-M2,2025-01-02,S3,PRD0006,3296,2863,131,8,7.02,83.62,99493.45
249,P002-L3-M2,2025-01-02,S3,PRD0008,2299,1926,104,8,7.33,81.24,65176.51
250,P001-L3-M2,2025-01-02,S3,PRD0015,3329,2334,65,8,7.45,70.1,75816.26
251,P003-L4-M2,2025-01-02,S3,PRD0003,1769,1272,57,8,7.86,73.2,36370.78
252,P002-L3-M3,2025-01-02,S3,PRD0007,2783,2621,144,8,7.68,90.54,85821.66
253,P001-L4-M2,2025-01-02,S3,PRD0011,2958,2575,30,8,7.48,90.97,67779.16
254,P001-L2-M1,2025-01-02,S3,PRD0013,2554,2430,37,8,7.73,97.7,79908.43
255,P003-L1-M3,2025-01-02,S3,PRD0004,3063,2365,23,8,7.47,74.34,65471.6
256,P002-L1-M3,2025-01-02,S3,PRD0013,2628,2492,105,8,7.18,92.79,63300.47
257,P002-L5-M2,2025-01-02,S3,PRD0016,2241,1668,23,8,7.63,71.73,56517.03
258,P004-L1-M1,2025-01-02,S3,PRD0012,4228,3396,131,8,7.06,83.68,115439.85
259,P004-L5-M1,2025-01-02,S3,PRD0009,2364,1941,100,8,7.69,83.96,54926.9
260,P003-L5-M2,2025-01-02,S3,PRD0009,2430,2178,65,8,7.9,87.1,73001.96
261,P003-L5-M3,2025-01-02,S3,PRD0004,2621,2424,125,8,7.13,92.54,77585.14
262,P004-L2-M2,2025-01-02,S3,PRD0017,2076,1740,21,8,7.62,82.21,47455.98
263,P001-L5-M2,2025-01-02,S3,PRD0005,2921,2745,32,8,7.45,91.08,88253.26
264,P004-L1-M2,2025-01-02,S3,PRD0004,3557,3135,124,8,7.56,85.07,91587.89
265,P004-L3-M1,2025-01-02,S3,PRD0019,4192,3745,41,8,7.46,91.97,100185.78
266,P004-L1-M3,2025-01-02,S3,PRD0018,2767,1995,53,8,7.76,76.72,60206.3
267,P001-L5-M1,2025-01-02,S3,PRD0013,1723,1571,99,8,7.67,95.61,45576.29
268,P001-L4-M1,2025-01-02,S3,PRD0011,2462,2305,49,8,7.64,97.58,63881.33
269,P001-L2-M2,2025-01-02,S3,PRD0008,1912,1652,75,8,7.56,82.76,48049.22
270,P004-L3-M3,2025-01-02,S3,PRD0013,4255,3019,63,8,7.05,74.4,88500.1
271,P003-L5-M3,2025-01-03,S1,PRD0004,3290,2873,40,8,7.51,82.39,90420.01
272,P001-L4-M3,2025-01-03,S1,PRD0015,3958,3563,106,8,8.0,93.56,98301.0
273,P003-L3-M2,2025-01-03,S1,PRD0010,3509,2886,59,8,7.95,86.59,73736.25
274,P004-L4-M3,2025-01-03,S1,PRD0013,2667,2428,39,8,7.61,90.01,69343.3
275,P004-L4-M2,2025-01-03,S1,PRD0016,4299,4052,181,8,7.88,92.63,125404.48
276,P002-L4-M3,2025-01-03,S1,PRD0005,4107,3877,229,8,7.7,97.97,107422.1
277,P002-L1-M1,2025-01-03,S1,PRD0020,4101,3856,208,8,7.77,94.5,120610.63
278,P004-L3-M3,2025-01-03,S1,PRD0016,4933,4661,148,8,7.63,91.44,132158.0
279,P003-L4-M1,2025-01-03,S1,PRD0019,4460,3722,124,8,7.65,86.05,114998.03
280,P004-L3-M2,2025-01-03,S1,PRD0020,4481,4179,293,8,7.99,93.28,139684.01
281,P004-L1-M3,2025-01-03,S1,PRD0007,3812,3583,174,8,7.74,92.01,109627.44
282,P001-L1-M2,2025-01-03,S1,PRD0012,4035,3407,127,8,7.71,80.98,102007.65
283,P002-L3-M2,2025-01-03,S1,PRD0004,2726,2264,80,8,7.73,81.97,56657.21
284,P001-L1-M1,2025-01-03,S1,PRD0012,2496,2059,83,8,7.61,84.61,61643.1
285,P003-L2-M2,2025-01-03,S1,PRD0014,3075,2949,159,8,7.57,95.1,89198.33
286,P002-L4-M1,2025-01-03,S1,PRD0014,3862,3688,59,8,7.51,99.76,120735.86
287,P004-L3-M1,2025-01-03,S1,PRD0005,5165,4806,254,8,7.99,88.71,168024.67
288,P004-L2-M3,2025-01-03,S1,PRD0004,3808,3521,128,8,7.72,96.44,96676.23
289,P001-L2-M2,2025-01-03,S1,PRD0018,2215,2084,110,8,7.73,96.89,69777.48
290,P004-L4-M1,2025-01-03,S1,PRD0018,4717,3929,195,8,7.83,81.09,121914.43
291,P001-L2-M3,2025-01-03,S1,PRD0017,4230,3965,132,8,7.97,90.27,111037.07
292,P002-L5-M1,2025-01-03,S1,PRD0004,2132,2036,62,8,7.89,99.13,62476.02
293,P003-L2-M3,2025-01-03,S1,PRD0003,3955,3530,47,8,7.62,90.3,115077.48
294,P004-L5-M3,2025-01-03,S1,PRD0015,3338,3187,158,8,7.6,94.98,81875.01
295,P004-L1-M2,2025-01-03,S1,PRD0007,4854,4646,108,8,7.63,90.91,122544.12
296,P001-L1-M3,2025-01-03,S1,PRD0017,3129,2932,158,8,7.69,93.72,92055.44
297,P002-L1-M2,2025-01-03,S1,PRD0018,4586,4057,71,8,7.94,85.01,138080.66
298,P002-L4-M2,2025-01-03,S1,PRD0005,1866,1541,33,8,7.78,82.92,49941.64
299,P001-L3-M2,2025-01-03,S1,PRD0016,3913,3717,218,8,7.99,94.62,116826.74
300,P002-L5-M2,2025-01-03,S1,PRD0010,2933,2622,54,8,7.55,89.21,77574.73
301,P003-L3-M1,2025-01-03,S1,PRD0005,2973,2459,38,8,7.82,87.42,69681.78
302,P003-L5-M1,2025-01-03,S1,PRD0006,3286,3016,40,8,7.68,93.52,103179.13
303,P003-L1-M1,2025-01-03,S1,PRD0003,3361,2995,83,8,7.97,86.05,96575.42
304,P002-L2-M2,2025-01-03,S1,PRD0020,3907,3600,138,8,7.6,93.55,111251.38
305,P002-L3-M1,2025-01-03,S1,PRD0019,3006,2583,48,8,7.93,81.26,67691.77
306,P004-L2-M1,2025-01-03,S1,PRD0008,2149,1821,36,8,7.79,83.05,46666.11
307,P004-L1-M1,2025-01-03,S1,PRD0009,5374,4692,50,8,7.72,88.33,132540.02
308,P003-L2-M1,2025-01-03,S1,PRD0001,2362,2085,119,8,7.69,84.83,65444.98
309,P002-L3-M3,2025-01-03,S1,PRD0018,3348,2955,187,8,7.69,89.52,79099.56
310,P001-L3-M1,2025-01-03,S1,PRD0001,4789,4551,249,8,7.91,96.53,152064.42
311,P002-L2-M1,2025-01-03,S1,PRD0010,2257,2107,141,8,7.81,97.02,59438.5
312,P001-L4-M1,2025-01-03,S1,PRD0013,3399,2971,179,8,7.82,88.9,90207.05
313,P004-L5-M1,2025-01-03,S1,PRD0010,3279,2790,149,8,7.77,82.11,87452.81
314,P003-L5-M2,2025-01-03,S1,PRD0005,2635,2259,159,8,7.85,84.91,61692.3
315,P002-L5-M3,2025-01-03,S1,PRD0013,2494,2204,136,8,7.88,86.76,73908.12
316,P001-L4-M3,2025-01-03,S2,PRD0001,3797,3617,237,8,7.87,97.22,126329.81
317,P002-L4-M3,2025-01-03,S2,PRD0004,3659,3310,175,8,7.57,94.5,106503.38
318,P004-L2-M1,2025-01-03,S2,PRD0015,1920,1684,59,8,7.81,86.82,46729.94
319,P004-L1-M2,2025-01-03,S2,PRD0015,4158,3786,116,8,7.55,88.77,101478.46
320,P002-L5-M3,2025-01-03,S2,PRD0004,2507,2363,26,8,7.57,96.39,81422.49
321,P001-L5-M1,2025-01-03,S2,PRD0007,2196,1810,29,8,7.99,84.65,49623.2
322,P003-L2-M2,2025-01-03,S2,PRD0001,2760,2548,43,8,7.79,89.55,81846.23
323,P003-L3-M3,2025-01-03,S2,PRD0011,2004,1712,67,8,7.58,86.19,58866.71
324,P003-L5-M3,2025-01-03,S2,PRD0020,3394,3203,168,8,7.54,92.7,81756.88
325,P003-L1-M2,2025-01-03,S2,PRD0002,1951,1690,41,8,7.66,84.9,52262.58
326,P002-L3-M1,2025-01-03,S2,PRD0011,2551,2103,35,8,7.52,81.48,53395.07
327,P002-L4-M1,2025-01-03,S2,PRD0001,3649,3305,126,8,7.79,91.89,98405.49
328,P004-L3-M2,2025-01-03,S2,PRD0002,3690,3365,41,8,7.7,93.78,102482.26
329,P002-L1-M2,2025-01-03,S2,PRD0010,4253,3709,121,8,7.72,91.42,97436.66
330,P001-L4-M2,2025-01-03,S2,PRD0020,3236,2867,129,8,7.88,85.14,80874.56
331,P003-L1-M1,2025-01-03,S2,PRD0019,3611,3048,73,8,7.78,89.1,103395.21
332,P003-L5-M2,2025-01-03,S2,PRD0008,2563,2195,121,8,7.52,83.74,73549.61
333,P003-L2-M1,2025-01-03,S2,PRD0014,2350,2086,92,8,7.86,92.61,72960.45
334,P001-L1-M1,2025-01-03,S2,PRD0004,2480,2355,134,8,7.65,98.6,80560.46
335,P003-L4-M2,2025-01-03,S2,PRD0016,2158,2022,58,8,7.8,92.54,57761.32
336,P001-L3-M1,2025-01-03,S2,PRD0010,5223,4946,162,8,7.87,98.91,151218.04
337,P002-L3-M3,2025-01-03,S2,PRD0001,3324,2983,88,8,7.74,90.38,79270.12
338,P002-L5-M1,2025-01-03,S2,PRD0005,2179,1904,114,8,7.89,84.54,55920.67
339,P001-L2-M3,2025-01-03,S2,PRD0017,4551,4304,240,8,7.64,97.33,121956.13
340,P002-L5-M2,2025-01-03,S2,PRD0018,2729,2401,140,8,7.8,87.71,62298.84
341,P001-L1-M2,2025-01-03,S2,PRD0002,3509,2994,81,8,7.9,82.63,96863.0
342,P004-L4-M3,2025-01-03,S2,PRD0003,2848,2512,97,8,7.84,87.66,72013.32
343,P002-L2-M1,2025-01-03,S2,PRD0019,2366,2216,109,8,7.99,90.19,68507.34
344,P004-L4-M1,2025-01-03,S2,PRD0008,4378,3762,169,8,7.91,89.68,96796.4
345,P002-L2-M3,2025-01-03,S2,PRD0009,2241,1894,83,8,7.99,86.6,55413.2
346,P003-L2-M3,2025-01-03,S2,PRD0015,3608,3154,137,8,7.55,83.16,96963.42
347,P002-L1-M1,2025-01-03,S2,PRD0011,4366,4048,181,8,7.78,93.34,108840.23
348,P002-L4-M2,2025-01-03,S2,PRD0004,1687,1421,66,8,7.69,81.68,40683.25
349,P001-L3-M2,2025-01-03,S2,PRD0004,4131,3575,54,8,7.51,82.01,111039.34
350,P003-L1-M3,2025-01-03,S2,PRD0015,3324,2938,39,8,7.57,84.55,79895.26
351,P004-L5-M1,2025-01-03,S2,PRD0019,2912,2786,46,8,7.7,95.14,87980.66
352,P004-L4-M2,2025-01-03,S2,PRD0002,4038,3728,219,8,7.52,91.82,102076.45
353,P004-L1-M3,2025-01-03,S2,PRD0019,3353,3120,129,8,7.61,92.62,97332.28
354,P004-L2-M2,2025-01-03,S2,PRD0006,2672,2415,71,8,7.87,89.53,77779.77
355,P001-L4-M1,2025-01-03,S2,PRD0009,3100,2790,71,8,7.7,87.62,69788.59
356,P004-L2-M3,2025-01-03,S2,PRD0007,3570,2989,113,8,7.73,79.84,82318.19
357,P002-L1-M3,2025-01-03,S2,PRD0006,2926,2450,135,8,7.98,83.72,64453.03
358,P004-L3-M3,2025-01-03,S2,PRD0007,4426,3676,193,8,7.74,82.63,97671.42
359,P001-L2-M1,2025-01-03,S2,PRD0009,2695,2276,70,8,7.61,83.42,77917.64
360,P004-L3-M1,2025-01-03,S2,PRD0013,4371,4145,268,8,7.68,98.77,107330.41
361,P003-L3-M3,2025-01-03,S3,PRD0005,1922,1449,46,8,7.81,78.99,43872.26
362,P003-L4-M2,2025-01-03,S3,PRD0005,1983,1706,95,8,7.66,87.64,50953.28
363,P003-L1-M1,2025-01-03,S3,PRD0008,2968,2365,111,8,7.22,78.31,69606.88
364,P002-L4-M1,2025-01-03,S3,PRD0011,3271,3012,144,8,7.49,89.89,93857.49
365,P004-L2-M2,2025-01-03,S3,PRD0012,2460,2194,44,8,7.34,89.95,55607.06
366,P001-L2-M3,2025-01-03,S3,PRD0009,4221,3523,186,8,7.86,81.15,122504.59
367,P002-L1-M2,2025-01-03,S3,PRD0012,3939,3473,183,8,7.36,92.95,96179.97
368,P001-L4-M2,2025-01-03,S3,PRD0016,2725,2558,103,8,7.87,93.4,71392.87
369,P001-L4-M3,2025-01-03,S3,PRD0013,3205,2563,74,8,7.22,81.31,84675.6
370,P003-L5-M1,2025-01-03,S3,PRD0001,3143,2321,70,8,7.03,76.89,74311.25
371,P004-L2-M3,2025-01-03,S3,PRD0017,3140,2940,122,8,7.15,92.01,80936.21
372,P002-L4-M2,2025-01-03,S3,PRD0001,1674,1505,44,8,7.29,87.32,40829.27
373,P001-L5-M3,2025-01-03,S3,PRD0020,1742,1596,53,8,7.23,88.94,47364.93
374,P003-L3-M1,2025-01-03,S3,PRD0012,2805,2297,46,8,7.37,83.28,67902.62
375,P001-L2-M2,2025-01-03,S3,PRD0020,2124,1969,101,8,7.81,90.35,57971.4
376,P003-L3-M2,2025-01-03,S3,PRD0018,3267,2880,41,8,7.04,85.31,98161.43
377,P004-L3-M3,2025-01-03,S3,PRD0005,4524,4013,83,8,7.79,92.2,136083.16
378,P003-L2-M1,2025-01-03,S3,PRD0017,2145,1730,63,8,7.43,76.94,45910.02
379,P003-L2-M3,2025-01-03,S3,PRD0016,3223,3024,53,8,7.02,96.63,75773.12
380,P002-L5-M3,2025-01-03,S3,PRD0011,2138,1943,25,8,7.88,93.74,63557.85
381,P001-L5-M2,2025-01-03,S3,PRD0005,3226,2597,106,8,7.73,75.94,84284.16
382,P004-L5-M1,2025-01-03,S3,PRD0016,2857,2112,95,8,7.51,73.95,56783.4
383,P002-L2-M1,2025-01-03,S3,PRD0005,2101,1608,59,8,7.85,78.27,48744.57
384,P004-L3-M2,2025-01-03,S3,PRD0001,3787,2991,172,8,7.56,80.33,94736.47
385,P002-L3-M3,2025-01-03,S3,PRD0010,2980,2577,53,8,7.59,81.92,84016.83
386,P002-L4-M3,2025-01-03,S3,PRD0003,3120,2931,35,8,7.7,89.99,98962.52
387,P002-L5-M1,2025-01-03,S3,PRD0015,1949,1654,107,8,7.69,89.0,45311.58
388,P002-L2-M2,2025-01-03,S3,PRD0016,3756,2913,139,8,7.28,73.8,88979.9
389,P001-L1-M3,2025-01-03,S3,PRD0019,2840,2545,77,8,7.23,87.18,88993.65
390,P001-L1-M2,2025-01-03,S3,PRD0019,3590,2606,127,8,7.49,69.41,86577.16
391,P004-L3-M1,2025-01-03,S3,PRD0016,4416,3278,93,8,7.35,75.38,103056.6
392,P003-L4-M3,2025-01-03,S3,PRD0003,3415,3214,116,8,7.01,92.48,85308.4
393,P004-L1-M2,2025-01-03,S3,PRD0005,4454,3694,81,8,7.82,80.82,94143.1
394,P001-L2-M1,2025-01-03,S3,PRD0003,2608,2130,73,8,7.54,79.44,55014.62
395,P003-L5-M3,2025-01-03,S3,PRD0001,2783,2567,152,8,7.8,94.86,83481.64
396,P004-L4-M1,2025-01-03,S3,PRD0017,3527,2585,84,8,7.24,71.94,67417.95
397,P002-L5-M2,2025-01-03,S3,PRD0004,2320,1924,76,8,7.74,84.92,63803.02
398,P003-L5-M2,2025-01-03,S3,PRD0011,2435,1950,48,8,7.55,77.08,58534.38
399,P004-L1-M3,2025-01-03,S3,PRD0004,3334,2761,129,8,7.59,86.14,87715.69
400,P002-L2-M3,2025-01-03,S3,PRD0016,2009,1853,91,8,7.53,96.91,59737.92
401,P001-L5-M1,2025-01-03,S3,PRD0018,2000,1732,29,8,7.22,83.17,49962.96
402,P001-L1-M1,2025-01-03,S3,PRD0003,1998,1708,94,8,7.62,86.43,55551.93
403,P004-L4-M3,2025-01-03,S3,PRD0014,2246,1860,75,8,7.53,84.02,46846.55
404,P001-L3-M3,2025-01-03,S3,PRD0007,2127,1856,90,8,7.72,84.32,57114.64
405,P001-L3-M1,2025-01-03,S3,PRD0008,4695,3654,98,8,7.38,82.3,100418.84
406,P003-L3-M2,2025-01-04,S1,PRD0016,3690,3430,177,8,7.51,92.46,116504.23
407,P002-L3-M1,2025-01-04,S1,PRD0013,2705,2436,129,8,8.0,91.89,83565.9
408,P002-L2-M3,2025-01-04,S1,PRD0017,2412,2020,117,8,7.78,83.77,63247.18
409,P003-L4-M1,2025-01-04,S1,PRD0017,4714,4387,63,8,7.51,92.53,125814.65
410,P002-L3-M2,2025-01-04,S1,PRD0008,2546,2174,55,8,7.95,89.48,65521.79
411,P001-L4-M2,2025-01-04,S1,PRD0006,3668,3097,131,8,7.88,83.14,92875.14
412,P002-L1-M1,2025-01-04,S1,PRD0017,4788,4040,224,8,8.0,83.69,115632.06
413,P004-L3-M3,2025-01-04,S1,PRD0007,5179,4290,44,8,7.59,84.81,119696.99
414,P001-L2-M1,2025-01-04,S1,PRD0012,3093,2841,40,8,7.85,95.31,89894.21
415,P002-L2-M2,2025-01-04,S1,PRD0017,4105,3939,80,8,7.99,98.59,102671.84
416,P004-L5-M1,2025-01-04,S1,PRD0015,3559,3145,104,8,7.9,90.73,99710.97
417,P004-L4-M3,2025-01-04,S1,PRD0017,2671,2345,111,8,7.76,82.99,60046.32
418,P001-L1-M3,2025-01-04,S1,PRD0004,3196,2682,110,8,7.58,87.78,85558.3
419,P002-L4-M2,2025-01-04,S1,PRD0011,1952,1688,36,8,7.84,84.22,58989.49
420,P003-L5-M1,2025-01-04,S1,PRD0001,3516,3115,105,8,7.78,84.82,86496.83
421,P002-L1-M3,2025-01-04,S1,PRD0006,3084,2701,112,8,7.73,85.09,72945.31
422,P003-L2-M1,2025-01-04,S1,PRD0003,2442,2095,114,8,7.81,88.18,57759.14
423,P003-L3-M3,2025-01-04,S1,PRD0019,2340,2234,24,8,7.67,97.68,61055.63
424,P004-L2-M3,2025-01-04,S1,PRD0010,3667,3477,169,8,7.54,94.6,103149.51
425,P004-L2-M2,2025-01-04,S1,PRD0010,2499,2215,104,8,7.84,92.13,64865.87
426,P004-L5-M3,2025-01-04,S1,PRD0008,3564,3085,121,8,7.8,81.61,77969.78
427,P003-L5-M3,2025-01-04,S1,PRD0004,3653,3139,32,8,7.54,87.92,102531.61
428,P003-L1-M3,2025-01-04,S1,PRD0008,3821,3641,94,8,7.82,92.2,102061.42
429,P001-L5-M2,2025-01-04,S1,PRD0014,3698,3097,180,8,7.94,86.95,91420.65
430,P002-L5-M1,2025-01-04,S1,PRD0014,2342,2149,35,8,7.78,86.8,70132.71
431,P004-L3-M1,2025-01-04,S1,PRD0003,5502,4612,243,8,7.93,79.0,143353.04
432,P001-L4-M3,2025-01-04,S1,PRD0009,3775,3426,109,8,7.97,95.75,92718.68
433,P003-L4-M2,2025-01-04,S1,PRD0003,2344,2069,49,8,7.94,85.07,60629.41
434,P004-L4-M1,2025-01-04,S1,PRD0014,4944,4485,98,8,7.79,89.63,135950.59
435,P004-L1-M2,2025-01-04,S1,PRD0019,4560,4243,174,8,7.75,89.42,136158.32
436,P001-L5-M1,2025-01-04,S1,PRD0019,2275,1955,49,8,7.93,90.13,64937.31
437,P004-L4-M2,2025-01-04,S1,PRD0011,3855,3232,80,8,7.92,84.7,97875.69
438,P003-L2-M3,2025-01-04,S1,PRD0003,3841,3663,116,8,7.87,90.66,103765.27
439,P002-L1-M2,2025-01-04,S1,PRD0012,4697,4065,153,8,7.95,89.22,140747.14
440,P004-L2-M1,2025-01-04,S1,PRD0016,2294,1926,49,8,7.54,86.72,49809.73
441,P003-L4-M3,2025-01-04,S1,PRD0018,4291,3670,202,8,7.78,90.42,116670.08
442,P001-L5-M3,2025-01-04,S1,PRD0016,2229,2033,89,8,7.61,95.18,64977.78
443,P003-L1-M1,2025-01-04,S1,PRD0020,3462,3010,102,8,7.7,86.22,103578.0
444,P002-L5-M3,2025-01-04,S1,PRD0012,2729,2390,87,8,7.66,89.07,66874.9
445,P003-L2-M2,2025-01-04,S1,PRD0013,2779,2360,109,8,7.91,82.25,80127.78
446,P001-L2-M3,2025-01-04,S1,PRD0013,5279,4504,177,8,7.9,89.25,152246.4
447,P004-L1-M3,2025-01-04,S1,PRD0011,4137,3946,193,8,7.84,95.58,102061.5
448,P003-L3-M1,2025-01-04,S1,PRD0018,3478,3203,146,8,7.97,91.26,91110.77
449,P001-L2-M2,2025-01-04,S1,PRD0002,2187,2061,102,8,7.62,95.33,56215.82
450,P002-L4-M3,2025-01-04,S1,PRD0013,3990,3725,189,8,7.75,91.26,120686.43
451,P001-L1-M2,2025-01-04,S2,PRD0017,3883,3561,107,8,7.87,95.0,113400.17
452,P002-L5-M2,2025-01-04,S2,PRD0020,2622,2263,89,8,7.99,85.78,64924.21
453,P001-L5-M3,2025-01-04,S2,PRD0008,2132,1754,58,8,7.53,84.74,45039.33
454,P001-L1-M1,2025-01-04,S2,PRD0013,2144,1822,41,8,7.84,89.97,50333.48
455,P003-L1-M2,2025-01-04,S2,PRD0015,2111,1813,103,8,7.64,89.91,53147.73
456,P001-L3-M2,2025-01-04,S2,PRD0017,4092,3416,226,8,7.85,83.48,102650.72
457,P003-L1-M3,2025-01-04,S2,PRD0009,3499,2881,105,8,7.55,87.17,89582.79
458,P001-L4-M2,2025-01-04,S2,PRD0017,3653,3192,80,8,7.75,88.67,98607.61
459,P001-L4-M3,2025-01-04,S2,PRD0007,3611,2979,176,8,7.85,82.39,87470.46
460,P004-L4-M3,2025-01-04,S2,PRD0009,2893,2743,55,8,7.68,92.69,84031.69
461,P004-L5-M3,2025-01-04,S2,PRD0018,3487,3292,118,8,7.74,95.15,90007.69
462,P004-L1-M1,2025-01-04,S2,PRD0017,4897,4441,116,8,7.61,92.51,112577.25
463,P002-L5-M1,2025-01-04,S2,PRD0010,2321,1949,80,8,7.79,83.06,59563.32
464,P003-L3-M3,2025-01-04,S2,PRD0017,2300,2133,60,8,7.59,94.7,54657.04
465,P002-L1-M2,2025-01-04,S2,PRD0014,4511,4190,227,8,7.56,89.58,127468.22
466,P001-L2-M2,2025-01-04,S2,PRD0014,2208,2083,45,8,7.97,91.52,67686.59
467,P004-L1-M3,2025-01-04,S2,PRD0013,3696,3537,200,8,7.55,91.06,114920.83
468,P004-L5-M1,2025-01-04,S2,PRD0014,3032,2745,55,8,7.66,86.46,86265.01
469,P002-L3-M3,2025-01-04,S2,PRD0019,3299,2925,105,8,7.95,87.81,93054.15
470,P002-L1-M1,2025-01-04,S2,PRD0008,4473,3911,65,8,7.53,85.96,105260.29
471,P002-L1-M3,2025-01-04,S2,PRD0015,2727,2375,76,8,7.86,84.71,72430.52
472,P001-L3-M3,2025-01-04,S2,PRD0010,2255,2028,45,8,7.77,86.49,66966.51
473,P002-L3-M2,2025-01-04,S2,PRD0005,2564,2116,118,8,7.54,87.12,56220.03
474,P001-L2-M3,2025-01-04,S2,PRD0008,4865,4381,104,8,7.87,90.41,127318.39
475,P002-L4-M2,2025-01-04,S2,PRD0001,1878,1765,108,8,7.87,90.54,49922.66
476,P003-L4-M1,2025-01-04,S2,PRD0004,4898,4337,257,8,7.73,92.17,137241.41
477,P003-L4-M2,2025-01-04,S2,PRD0007,1986,1833,43,8,7.58,96.93,62315.05
478,P003-L3-M1,2025-01-04,S2,PRD0015,3351,2982,96,8,7.53,89.26,97867.1
479,P001-L2-M1,2025-01-04,S2,PRD0010,3091,2747,69,8,7.63,89.37,82121.29
480,P004-L2-M2,2025-01-04,S2,PRD0004,2438,2061,23,8,7.77,86.85,54407.62
481,P003-L2-M3,2025-01-04,S2,PRD0004,4146,3545,81,8,7.94,87.14,98090.94
482,P002-L5-M3,2025-01-04,S2,PRD0002,2591,2237,78,8,7.63,83.69,76859.51
483,P004-L1-M2,2025-01-04,S2,PRD0012,4451,3662,213,8,7.86,83.0,97096.63
484,P003-L5-M3,2025-01-04,S2,PRD0003,3374,3211,83,8,7.58,93.19,104284.28
485,P004-L5-M2,2025-01-04,S2,PRD0006,2818,2549,163,8,7.57,93.77,84265.38
486,P001-L3-M1,2025-01-04,S2,PRD0017,4821,4179,193,8,7.63,84.54,142238.15
487,P002-L4-M1,2025-01-04,S2,PRD0019,3247,3005,170,8,7.98,94.67,90562.07
488,P003-L3-M2,2025-01-04,S2,PRD0014,3920,3256,130,8,7.96,87.91,86521.76
489,P002-L3-M1,2025-01-04,S2,PRD0015,2587,2226,41,8,7.7,82.14,71029.39
490,P004-L3-M3,2025-01-04,S2,PRD0008,4821,4507,108,8,7.95,95.05,119618.09
491,P004-L2-M1,2025-01-04,S2,PRD0009,1967,1773,101,8,7.61,93.82,46282.31
492,P004-L3-M1,2025-01-04,S2,PRD0011,4625,3863,241,8,7.65,86.74,105236.75
493,P003-L5-M2,2025-01-04,S2,PRD0011,2910,2489,174,8,7.83,84.57,75027.42
494,P004-L4-M1,2025-01-04,S2,PRD0003,4541,3872,163,8,7.52,86.05,111291.72
495,P002-L4-M3,2025-01-04,S2,PRD0015,4002,3302,167,8,7.6,81.93,85852.19
496,P003-L1-M1,2025-01-04,S3,PRD0008,2920,2562,26,8,7.56,89.96,72375.74
497,P003-L5-M2,2025-01-04,S3,PRD0007,2414,1732,79,8,7.67,69.21,56972.75
498,P003-L3-M2,2025-01-04,S3,PRD0009,2945,2274,131,8,7.07,82.03,59875.59
499,P004-L2-M3,2025-01-04,S3,PRD0018,2812,2189,39,8,7.68,78.76,65021.54
500,P001-L2-M3,2025-01-04,S3,PRD0004,3598,2901,67,8,7.83,84.75,90653.03
501,P001-L2-M2,2025-01-04,S3,PRD0017,1726,1631,46,8,7.01,92.81,52036.39
502,P002-L1-M1,2025-01-04,S3,PRD0002,3525,2539,121,8,7.73,75.14,78131.05
503,P002-L2-M1,2025-01-04,S3,PRD0009,1864,1379,54,8,7.66,70.68,34501.82
504,P003-L3-M3,2025-01-04,S3,PRD0014,1717,1598,21,8,7.81,95.26,51552.32
505,P001-L5-M3,2025-01-04,S3,PRD0005,1804,1492,67,8,7.26,82.19,49400.01
506,P001-L4-M2,2025-01-04,S3,PRD0006,2519,2318,58,8,7.52,93.46,67425.04
507,P001-L1-M2,2025-01-04,S3,PRD0005,2981,2093,55,8,7.61,67.61,64927.53
508,P004-L5-M1,2025-01-04,S3,PRD0002,2641,1914,20,8,7.59,71.78,58410.76
509,P001-L1-M1,2025-01-04,S3,PRD0017,1740,1637,33,8,7.14,91.27,56140.95
510,P003-L2-M2,2025-01-04,S3,PRD0012,2327,1929,79,8,7.06,77.95,62629.08
511,P003-L4-M3,2025-01-04,S3,PRD0009,3331,2591,41,8,7.58,79.28,76070.13
512,P002-L1-M2,2025-01-04,S3,PRD0019,3440,2524,81,8,7.35,71.64,71954.22
513,P002-L4-M2,2025-01-04,S3,PRD0011,1387,1261,49,8,7.29,94.1,38576.64
514,P003-L4-M1,2025-01-04,S3,PRD0012,3485,3303,154,8,7.23,90.25,110108.37
515,P002-L5-M3,2025-01-04,S3,PRD0011,1793,1664,53,8,7.31,91.77,54852.82
516,P002-L2-M2,2025-01-04,S3,PRD0002,3558,2890,77,8,7.44,79.74,73180.88
517,P002-L2-M3,2025-01-04,S3,PRD0008,1689,1420,65,8,7.73,80.69,36950.38
518,P004-L1-M2,2025-01-04,S3,PRD0019,3941,3487,47,8,7.83,91.91,114139.36
519,P002-L3-M2,2025-01-04,S3,PRD0004,2007,1649,46,8,7.03,81.63,51476.76
520,P001-L2-M1,2025-01-04,S3,PRD0019,2163,1876,95,8,7.82,85.53,55793.5
521,P003-L2-M3,2025-01-04,S3,PRD0010,2986,2649,86,8,7.77,86.55,72301.75
522,P004-L4-M1,2025-01-04,S3,PRD0013,3542,2954,165,8,7.62,78.86,80825.29
523,P003-L1-M2,2025-01-04,S3,PRD0010,1650,1516,58,8,7.65,93.55,39232.7
524,P004-L3-M2,2025-01-04,S3,PRD0019,3218,2641,167,8,7.53,85.32,86093.25
525,P004-L1-M1,2025-01-04,S3,PRD0015,4143,3706,52,8,7.48,85.26,108483.98
526,P002-L3-M1,2025-01-04,S3,PRD0010,2128,1887,51,8,7.52,89.33,51231.47
527,P003-L5-M3,2025-01-04,S3,PRD0011,2816,2325,66,8,7.55,78.24,73009.01
528,P004-L2-M1,2025-01-04,S3,PRD0016,1512,1367,34,8,7.02,92.88,39680.07
529,P004-L5-M2,2025-01-04,S3,PRD0018,2418,1852,54,8,7.68,75.15,48172.27
530,P004-L5-M3,2025-01-04,S3,PRD0005,2653,2248,46,8,7.8,79.99,73951.4
531,P003-L4-M2,2025-01-04,S3,PRD0008,1687,1375,29,8,7.34,77.67,37001.67
532,P002-L4-M1,2025-01-04,S3,PRD0014,3013,2864,51,8,7.49,97.48,74197.76
533,P001-L3-M2,2025-01-04,S3,PRD0017,2980,2101,128,8,7.76,68.76,69192.34
534,P001-L4-M1,2025-01-04,S3,PRD0007,2745,1991,42,8,7.45,71.78,53164.65
535,P003-L3-M1,2025-01-04,S3,PRD0005,2477,1876,109,8,7.53,78.41,65658.63
536,P004-L3-M1,2025-01-04,S3,PRD0017,3780,2899,182,8,7.89,76.42,78444.81
537,P004-L4-M2,2025-01-04,S3,PRD0016,2883,2535,95,8,7.44,89.17,76986.53
538,P001-L4-M3,2025-01-04,S3,PRD0017,2783,2004,121,8,7.81,68.47,67156.83
539,P001-L5-M2,2025-01-04,S3,PRD0019,2937,2501,124,8,7.07,85.04,75019.22
540,P004-L2-M2,2025-01-04,S3,PRD0018,2083,1658,75,8,7.63,81.39,44312.47
541,P003-L5-M2,2025-01-05,S1,PRD0005,2102,1743,27,8,7.64,86.5,44868.23
542,P004-L1-M1,2025-01-05,S1,PRD0018,3913,3385,78,8,7.54,89.84,93363.65
543,P004-L4-M2,2025-01-05,S1,PRD0010,3254,2790,126,8,7.78,87.58,75674.07
544,P003-L3-M3,2025-01-05,S1,PRD0013,1805,1593,83,8,7.66,89.21,43732.16
545,P001-L1-M1,2025-01-05,S1,PRD0017,1697,1562,57,8,7.72,87.2,50753.97
546,P002-L2-M2,2025-01-05,S1,PRD0019,3270,2890,118,8,7.55,92.1,78939.11
547,P002-L3-M3,2025-01-05,S1,PRD0010,2538,2424,66,8,7.97,100.0,67048.65
548,P004-L2-M2,2025-01-05,S1,PRD0016,2099,1998,48,8,7.81,91.7,61442.04
549,P004-L3-M3,2025-01-05,S1,PRD0017,3993,3779,128,8,7.89,93.51,127611.25
550,P001-L5-M2,2025-01-05,S1,PRD0006,2999,2713,153,8,7.9,95.07,91751.82
551,P003-L2-M3,2025-01-05,S1,PRD0008,2826,2359,94,8,7.81,88.19,65219.75
552,P003-L3-M1,2025-01-05,S1,PRD0003,2485,2327,113,8,7.96,90.41,73401.76
553,P004-L5-M2,2025-01-05,S1,PRD0011,2360,2206,76,8,7.5,89.98,55622.42
554,P003-L4-M3,2025-01-05,S1,PRD0009,3272,2929,44,8,7.93,94.28,100072.78
555,P004-L5-M1,2025-01-05,S1,PRD0014,2410,1976,100,8,7.89,82.77,67357.89
556,P001-L1-M2,2025-01-05,S1,PRD0012,2738,2431,71,8,7.62,91.71,70818.14
557,P003-L1-M1,2025-01-05,S1,PRD0019,2961,2524,97,8,7.77,87.92,67245.34
558,P003-L3-M2,2025-01-05,S1,PRD0020,3048,2703,86,8,7.99,93.06,86505.7
559,P002-L4-M2,2025-01-05,S1,PRD0013,1590,1435,43,8,7.57,93.32,47206.92
560,P002-L5-M2,2025-01-05,S1,PRD0019,2250,2086,74,8,7.57,95.84,69231.82
561,P002-L1-M1,2025-01-05,S1,PRD0014,3152,2797,147,8,7.78,86.14,85453.84
562,P004-L3-M3,2025-01-05,S2,PRD0011,3521,2928,57,8,7.51,83.54,95857.47
563,P001-L1-M3,2025-01-05,S2,PRD0014,2007,1782,51,8,7.79,86.85,49022.48
564,P004-L4-M1,2025-01-05,S2,PRD0001,3263,2825,133,8,7.5,83.45,82874.67
565,P002-L4-M3,2025-01-05,S2,PRD0005,2855,2455,74,8,8.0,89.08,84654.57
566,P003-L3-M3,2025-01-05,S2,PRD0001,1485,1359,37,8,7.93,88.31,39025.92
567,P002-L4-M2,2025-01-05,S2,PRD0012,1425,1305,25,8,7.96,96.51,41814.3
568,P001-L2-M3,2025-01-05,S2,PRD0011,3444,3102,170,8,7.88,93.72,99846.08
569,P001-L4-M3,2025-01-05,S2,PRD0001,2722,2276,109,8,7.67,85.13,71578.73
570,P003-L4-M1,2025-01-05,S2,PRD0013,3043,2501,116,8,7.58,85.38,85583.63
571,P002-L3-M2,2025-01-05,S2,PRD0008,1778,1491,91,8,7.99,86.11,43358.18
572,P003-L2-M1,2025-01-05,S2,PRD0013,1861,1777,20,8,7.82,98.36,60330.83
573,P004-L3-M2,2025-01-05,S2,PRD0016,2668,2267,51,8,7.89,80.58,58217.32
574,P002-L3-M3,2025-01-05,S2,PRD0011,2267,1943,93,8,7.86,88.58,64597.24
575,P004-L1-M2,2025-01-05,S2,PRD0008,3599,3321,128,8,7.53,90.62,115807.75
576,P001-L3-M3,2025-01-05,S2,PRD0006,1507,1371,70,8,7.67,87.17,42444.39
577,P001-L1-M2,2025-01-05,S2,PRD0001,2682,2486,32,8,7.77,93.04,84067.52
578,P002-L1-M3,2025-01-05,S2,PRD0009,2057,1863,82,8,7.56,89.37,49006.18
579,P002-L2-M2,2025-01-05,S2,PRD0015,2799,2427,43,8,7.6,86.97,65027.8
580,P004-L2-M3,2025-01-05,S2,PRD0003,2510,2266,127,8,7.78,93.61,79019.3
581,P003-L3-M1,2025-01-05,S2,PRD0010,2422,2254,76,8,7.76,94.21,78421.32
582,P003-L1-M2,2025-01-05,S2,PRD0012,1572,1301,55,8,7.59,78.65,44933.01
583,P001-L4-M2,2025-01-05,S3,PRD0009,2416,2181,36,8,7.42,89.57,73890.79
584,P002-L4-M3,2025-01-05,S3,PRD0018,2510,1818,100,8,7.18,72.67,47112.39
585,P002-L5-M1,2025-01-05,S3,PRD0016,1633,1225,22,8,7.16,71.74,31308.32
586,P003-L4-M1,2025-01-05,S3,PRD0008,3140,2599,92,8,7.38,79.42,78531.55
587,P002-L2-M3,2025-01-05,S3,PRD0007,1587,1393,38,8,7.13,88.15,38323.88
588,P003-L4-M2,2025-01-05,S3,PRD0013,1360,1162,53,8,7.49,81.56,38663.21
589,P001-L5-M1,2025-01-05,S3,PRD0014,1609,1238,35,8,7.06,76.7,40253.73
590,P004-L1-M2,2025-01-05,S3,PRD0008,3419,2786,168,8,7.46,80.68,72879.07
591,P003-L1-M1,2025-01-05,S3,PRD0015,2363,1880,65,8,7.11,75.79,60317.28
592,P003-L1-M2,2025-01-05,S3,PRD0005,1510,1325,44,8,7.67,89.27,38693.88
593,P003-L1-M3,2025-01-05,S3,PRD0005,2290,1627,38,8,7.81,66.32,40699.17
594,P003-L2-M3,2025-01-05,S3,PRD0002,2724,2312,48,8,7.71,80.75,76064.89
595,P001-L2-M1,2025-01-05,S3,PRD0004,1994,1731,23,8,7.75,89.66,49351.09
596,P004-L1-M1,2025-01-05,S3,PRD0006,3744,3025,39,8,7.05,81.12,100739.97
597,P002-L1-M3,2025-01-05,S3,PRD0011,1933,1709,74,8,7.9,89.3,58374.43
598,P002-L1-M2,2025-01-05,S3,PRD0016,3245,2583,47,8,7.8,84.42,89673.36
599,P001-L1-M3,2025-01-05,S3,PRD0010,2047,1486,98,8,7.27,76.74,50401.26
600,P002-L5-M3,2025-01-05,S3,PRD0012,1601,1186,58,8,7.78,77.72,32775.86
601,P003-L2-M1,2025-01-05,S3,PRD0009,1840,1599,30,8,7.66,90.62,40690.37
602,P001-L2-M3,2025-01-05,S3,PRD0001,3288,2369,124,8,7.21,74.58,72673.11
603,P003-L4-M3,2025-01-05,S3,PRD0020,2893,2257,57,8,7.0,80.16,75026.09
604,P003-L5-M2,2025-01-06,S1,PRD0019,2929,2673,74,8,7.77,90.39,87048.23
605,P003-L1-M2,2025-01-06,S1,PRD0012,2046,1801,114,8,7.96,88.36,59727.83
606,P002-L2-M2,2025-01-06,S1,PRD0010,4203,3720,194,8,7.7,92.73,96160.56
607,P001-L2-M1,2025-01-06,S1,PRD0013,3349,2960,99,8,7.98,87.7,91357.9
608,P004-L4-M1,2025-01-06,S1,PRD0002,4771,4567,124,8,7.74,100.0,152177.36
609,P004-L4-M2,2025-01-06,S1,PRD0018,3963,3636,104,8,7.68,90.76,124071.05
610,P003-L3-M2,2025-01-06,S1,PRD0006,3525,2969,107,8,7.99,88.59,89452.99
611,P001-L5-M2,2025-01-06,S1,PRD0004,3702,3103,76,8,7.74,87.81,85043.55
612,P002-L5-M3,2025-01-06,S1,PRD0007,2552,2128,97,8,7.79,84.31,53446.66
613,P002-L2-M1,2025-01-06,S1,PRD0014,2288,1884,115,8,7.99,77.68,49842.34
614,P001-L1-M2,2025-01-06,S1,PRD0006,3628,3395,88,8,7.96,94.32,96926.82
615,P001-L3-M3,2025-01-06,S1,PRD0004,2574,2136,104,8,7.99,81.02,68653.84
616,P003-L1-M1,2025-01-06,S1,PRD0018,3709,3358,92,8,7.51,94.47,88418.86
617,P003-L5-M3,2025-01-06,S1,PRD0019,3298,3018,113,8,7.71,93.95,102788.0
618,P002-L5-M2,2025-01-06,S1,PRD0004,3053,2512,116,8,7.9,79.18,86774.87
619,P004-L4-M3,2025-01-06,S1,PRD0005,2918,2621,100,8,7.74,92.61,66517.4
620,P004-L2-M3,2025-01-06,S1,PRD0001,3618,3014,74,8,7.69,83.2,98185.02
621,P004-L1-M3,2025-01-06,S1,PRD0010,4080,3589,120,8,7.69,92.26,92753.28
622,P001-L5-M3,2025-01-06,S1,PRD0019,2118,1737,32,8,7.6,78.32,56126.56
623,P001-L4-M1,2025-01-06,S1,PRD0008,3389,2786,194,8,7.55,77.36,84638.14
624,P002-L3-M2,2025-01-06,S1,PRD0003,2842,2356,126,8,7.86,83.46,62726.73
625,P003-L4-M1,2025-01-06,S1,PRD0012,4676,3984,146,8,7.91,89.44,120984.94
626,P001-L4-M2,2025-01-06,S1,PRD0017,3247,2940,55,8,7.61,92.76,98470.31
627,P003-L2-M2,2025-01-06,S1,PRD0015,2958,2466,126,8,7.66,78.48,76237.29
628,P004-L5-M1,2025-01-06,S1,PRD0015,3549,2964,95,8,7.56,87.93,103142.82
629,P004-L5-M3,2025-01-06,S1,PRD0016,3595,3195,36,8,7.87,92.97,102749.89
630,P003-L4-M2,2025-01-06,S1,PRD0007,2362,2042,62,8,7.57,85.09,67091.62
631,P001-L3-M2,2025-01-06,S1,PRD0009,4141,3573,98,8,7.59,85.44,90736.27
632,P004-L3-M2,2025-01-06,S1,PRD0015,4394,3844,176,8,7.77,84.59,125289.08
633,P002-L2-M3,2025-01-06,S1,PRD0017,2164,1871,24,8,7.91,84.86,61229.63
634,P001-L1-M1,2025-01-06,S1,PRD0020,2370,2168,50,8,7.98,87.49,55886.33
635,P001-L1-M3,2025-01-06,S1,PRD0019,3346,2885,50,8,7.94,82.47,76040.43
636,P004-L3-M3,2025-01-06,S1,PRD0013,5132,4340,111,8,7.65,85.6,129739.26
637,P004-L5-M2,2025-01-06,S1,PRD0017,2907,2772,174,8,7.83,96.21,82704.86
638,P003-L5-M1,2025-01-06,S1,PRD0010,3919,3389,167,8,7.73,87.63,116289.0
639,P004-L2-M2,2025-01-06,S1,PRD0003,2891,2585,30,8,7.85,92.76,78655.79
640,P003-L4-M3,2025-01-06,S1,PRD0005,4328,4126,57,8,7.88,92.43,114007.14
641,P002-L3-M1,2025-01-06,S1,PRD0017,2840,2334,70,8,7.87,82.73,78008.43
642,P002-L4-M2,2025-01-06,S1,PRD0008,1929,1589,46,8,7.99,85.48,44925.53
643,P001-L3-M1,2025-01-06,S1,PRD0011,4872,4454,157,8,7.77,93.02,115448.94
644,P003-L2-M1,2025-01-06,S1,PRD0005,2393,2099,60,8,7.86,83.96,53146.49
645,P002-L5-M1,2025-01-06,S1,PRD0016,2348,2233,129,8,7.82,99.3,56691.72
646,P002-L4-M1,2025-01-06,S1,PRD0001,3571,3031,44,8,7.56,86.06,90384.84
647,P004-L2-M1,2025-01-06,S1,PRD0005,2054,1828,40,8,7.93,89.36,61683.66
648,P002-L3-M3,2025-01-06,S1,PRD0019,3263,2784,139,8,7.85,88.87,94486.02
649,P001-L3-M3,2025-01-06,S2,PRD0003,2499,2058,41,8,7.95,77.9,53609.15
650,P002-L5-M2,2025-01-06,S2,PRD0001,3121,2949,50,8,7.94,93.72,78169.39
651,P004-L2-M2,2025-01-06,S2,PRD0016,2515,2281,55,8,7.85,91.9,65881.84
652,P004-L4-M3,2025-01-06,S2,PRD0016,2732,2392,57,8,7.61,83.35,62563.43
653,P001-L3-M1,2025-01-06,S2,PRD0020,5076,4346,202,8,7.87,84.9,131154.81
654,P002-L1-M1,2025-01-06,S2,PRD0001,4519,3748,130,8,7.58,85.15,103200.54
655,P003-L5-M1,2025-01-06,S2,PRD0001,3642,3211,105,8,8.0,91.88,80960.96
656,P003-L1-M3,2025-01-06,S2,PRD0001,3619,3445,81,8,7.89,97.19,116121.08
657,P004-L2-M1,2025-01-06,S2,PRD0004,2283,2173,135,8,7.95,91.28,74930.07
658,P002-L2-M2,2025-01-06,S2,PRD0008,4555,4285,46,8,7.69,92.48,140960.67
659,P001-L1-M2,2025-01-06,S2,PRD0010,3769,3450,150,8,7.59,95.88,88858.15
660,P001-L1-M3,2025-01-06,S2,PRD0020,2994,2562,87,8,7.72,83.96,85083.26
661,P004-L3-M2,2025-01-06,S2,PRD0009,4185,3507,174,8,7.58,83.13,119018.53
662,P004-L5-M2,2025-01-06,S2,PRD0008,3040,2705,153,8,7.64,88.03,80330.37
663,P004-L2-M3,2025-01-06,S2,PRD0005,3769,3576,192,8,7.97,91.45,119646.04
664,P002-L2-M3,2025-01-06,S2,PRD0017,2230,1832,55,8,7.85,86.69,50688.15
665,P003-L1-M1,2025-01-06,S2,PRD0015,3859,3363,190,8,7.85,83.99,94392.25
666,P002-L5-M1,2025-01-06,S2,PRD0013,2361,2015,109,8,7.97,87.4,62886.34
667,P001-L2-M3,2025-01-06,S2,PRD0016,4830,4474,184,8,7.9,94.23,137134.33
668,P001-L4-M2,2025-01-06,S2,PRD0016,3648,3029,122,8,7.6,81.89,77794.58
669,P003-L2-M1,2025-01-06,S2,PRD0008,2310,1954,100,8,7.55,89.03,63758.54
670,P002-L4-M3,2025-01-06,S2,PRD0010,3677,3062,50,8,7.66,83.13,84100.33
671,P003-L4-M3,2025-01-06,S2,PRD0012,4103,3549,49,8,7.73,90.04,109196.81
672,P001-L4-M3,2025-01-06,S2,PRD0019,4005,3564,38,8,7.91,92.96,102949.75
673,P001-L5-M3,2025-01-06,S2,PRD0012,2204,1968,60,8,7.5,88.88,56255.86
674,P003-L1-M2,2025-01-06,S2,PRD0006,2240,2121,113,8,7.54,97.44,56951.96
675,P004-L5-M3,2025-01-06,S2,PRD0003,3402,3004,53,8,7.55,86.96,80009.37
676,P001-L5-M2,2025-01-06,S2,PRD0013,3662,3144,132,8,7.68,88.02,104092.11
677,P003-L2-M3,2025-01-06,S2,PRD0017,4136,3559,166,8,7.92,82.6,119761.1
678,P003-L3-M1,2025-01-06,S2,PRD0018,3468,3242,89,8,7.54,89.63,100684.26
679,P004-L5-M1,2025-01-06,S2,PRD0003,2950,2768,144,8,7.91,94.89,71383.88
680,P003-L3-M3,2025-01-06,S2,PRD0017,2213,1996,41,8,7.83,87.91,59225.3
681,P002-L3-M2,2025-01-06,S2,PRD0005,2669,2550,160,8,7.8,93.75,69445.29
682,P004-L3-M1,2025-01-06,S2,PRD0008,4994,4283,68,8,7.55,85.06,110223.32
683,P003-L4-M2,2025-01-06,S2,PRD0002,1951,1719,43,8,7.72,84.91,57364.37
684,P001-L4-M1,2025-01-06,S2,PRD0002,3519,3314,83,8,7.88,91.18,110050.46
685,P002-L3-M1,2025-01-06,S2,PRD0006,2724,2447,59,8,7.82,89.29,83895.54
686,P002-L4-M2,2025-01-06,S2,PRD0010,1964,1800,75,8,7.99,94.67,62726.63
687,P002-L4-M1,2025-01-06,S2,PRD0016,3482,2970,122,8,7.52,80.71,82685.05
688,P002-L1-M2,2025-01-06,S2,PRD0003,4501,3945,205,8,7.54,88.44,110762.32
689,P004-L1-M2,2025-01-06,S2,PRD0014,4643,4163,222,8,7.83,86.33,135156.37
690,P002-L1-M3,2025-01-06,S2,PRD0002,3217,2944,172,8,7.95,96.16,74217.32
691,P004-L1-M1,2025-01-06,S2,PRD0012,5165,4322,191,8,7.6,87.27,134400.87
692,P001-L5-M1,2025-01-06,S2,PRD0001,2166,1975,39,8,7.65,86.65,60352.17
693,P002-L2-M1,2025-01-06,S2,PRD0005,2095,1884,101,8,7.91,87.6,56307.03
694,P003-L5-M2,2025-01-06,S3,PRD0003,2620,2490,69,8,7.1,97.56,64375.94
695,P003-L1-M1,2025-01-06,S3,PRD0006,3076,2605,123,8,7.89,82.72,72444.23
696,P001-L3-M2,2025-01-06,S3,PRD0016,3540,2941,162,8,7.76,83.22,89165.82
697,P002-L3-M1,2025-01-06,S3,PRD0012,2626,2203,23,8,7.59,86.89,72439.9
698,P003-L2-M1,2025-01-06,S3,PRD0016,2474,2124,114,8,7.82,88.14,70555.31
699,P004-L3-M2,2025-01-06,S3,PRD0001,4002,3249,226,8,7.01,83.5,87136.04
700,P004-L5-M1,2025-01-06,S3,PRD0020,2915,2696,75,8,7.08,93.51,73671.61
701,P004-L2-M3,2025-01-06,S3,PRD0010,3210,2442,38,8,7.57,78.14,69407.06
702,P001-L3-M3,2025-01-06,S3,PRD0007,2196,1932,91,8,7.64,90.43,54492.19
703,P001-L5-M1,2025-01-06,S3,PRD0001,2107,1688,23,8,7.86,80.5,45869.23
704,P002-L4-M3,2025-01-06,S3,PRD0018,3726,2681,78,8,7.52,67.58,90758.53
705,P001-L2-M3,2025-01-06,S3,PRD0001,4177,3985,118,8,7.72,93.96,109737.72
706,P004-L2-M2,2025-01-06,S3,PRD0017,2467,2098,48,8,7.02,88.55,53079.64
707,P002-L4-M2,2025-01-06,S3,PRD0001,1599,1333,34,8,7.12,84.84,46393.07
708,P003-L1-M3,2025-01-06,S3,PRD0002,3211,2303,55,8,7.04,67.29,72085.65
709,P004-L3-M1,2025-01-06,S3,PRD0018,4235,3387,147,8,7.55,82.3,107058.04
710,P002-L5-M2,2025-01-06,S3,PRD0017,2398,2290,134,8,7.32,95.17,79596.45
711,P002-L2-M2,2025-01-06,S3,PRD0002,3818,2749,107,8,7.73,71.24,95564.49
712,P002-L2-M1,2025-01-06,S3,PRD0006,1977,1605,55,8,7.55,76.81,43701.08
713,P001-L1-M3,2025-01-06,S3,PRD0001,3030,2437,32,8,7.05,75.67,73940.82
714,P004-L5-M3,2025-01-06,S3,PRD0003,3148,2430,122,8,7.16,79.64,63824.8
715,P003-L4-M1,2025-01-06,S3,PRD0020,4228,3309,70,8,7.35,73.33,115359.17
716,P003-L4-M3,2025-01-06,S3,PRD0016,3586,2674,138,8,7.84,76.9,92996.58
717,P001-L1-M2,2025-01-06,S3,PRD0005,3598,3263,45,8,7.13,86.32,100380.42
718,P002-L3-M2,2025-01-06,S3,PRD0012,2595,2156,66,8,7.77,87.35,58774.54
719,P001-L4-M2,2025-01-06,S3,PRD0003,3351,3124,37,8,7.29,89.03,80266.25
720,P004-L4-M3,2025-01-06,S3,PRD0015,2353,2024,40,8,7.39,81.8,58476.29
721,P002-L3-M3,2025-01-06,S3,PRD0020,2882,2232,53,8,7.56,77.93,63004.34
722,P001-L1-M1,2025-01-06,S3,PRD0013,2194,1608,94,8,7.37,72.09,45863.57
723,P004-L1-M1,2025-01-06,S3,PRD0001,4677,3376,150,8,7.37,70.82,86826.83
724,P003-L2-M2,2025-01-06,S3,PRD0011,2637,2008,90,8,7.56,77.06,50719.13
725,P002-L4-M1,2025-01-06,S3,PRD0008,3489,2817,127,8,7.36,75.97,84326.94
726,P002-L1-M1,2025-01-06,S3,PRD0005,3918,3089,67,8,7.52,80.78,107679.95
727,P003-L3-M1,2025-01-06,S3,PRD0008,3117,2717,34,8,7.16,84.81,94279.34
728,P004-L1-M2,2025-01-06,S3,PRD0004,4110,3549,73,8,7.03,83.14,120165.32
729,P003-L5-M3,2025-01-06,S3,PRD0017,3215,2271,146,8,7.4,75.54,73152.51
730,P003-L3-M2,2025-01-06,S3,PRD0010,3066,2461,104,8,7.65,77.29,64878.78
731,P004-L3-M3,2025-01-06,S3,PRD0020,4219,3168,125,8,7.64,77.32,105688.83
732,P004-L4-M1,2025-01-06,S3,PRD0001,3705,3031,70,8,7.5,78.96,80738.0
733,P003-L1-M2,2025-01-06,S3,PRD0007,2091,1897,68,8,7.84,90.03,62944.93
734,P002-L5-M3,2025-01-06,S3,PRD0002,2083,1973,41,8,7.51,97.14,61528.41
735,P004-L1-M3,2025-01-06,S3,PRD0011,3082,2328,156,8,7.55,79.41,74767.83
736,P002-L1-M2,2025-01-06,S3,PRD0017,4605,3443,204,8,7.3,72.66,112280.17
737,P001-L4-M3,2025-01-06,S3,PRD0020,3293,3078,42,8,7.74,89.28,97210.95
738,P003-L2-M3,2025-01-06,S3,PRD0019,3450,2714,93,8,7.88,77.54,72182.58
739,P004-L5-M3,2025-01-07,S1,PRD0005,3561,3292,58,8,7.95,92.67,99066.84
740,P002-L2-M3,2025-01-07,S1,PRD0004,2114,1741,45,8,7.81,77.51,45210.83
741,P001-L2-M1,2025-01-07,S1,PRD0011,3131,2734,136,8,7.56,87.31,70880.71
742,P004-L2-M1,2025-01-07,S1,PRD0011,2388,2083,48,8,7.83,89.8,72487.43
743,P004-L4-M3,2025-01-07,S1,PRD0011,2685,2227,136,8,7.88,80.34,57803.32
744,P002-L1-M1,2025-01-07,S1,PRD0016,4361,3987,105,8,7.89,90.72,103515.08
745,P003-L3-M1,2025-01-07,S1,PRD0019,3312,3108,136,8,7.87,94.16,95844.72
746,P004-L1-M2,2025-01-07,S1,PRD0016,4802,4314,110,8,7.78,87.04,117294.93
747,P003-L3-M2,2025-01-07,S1,PRD0010,3602,3083,96,8,7.55,84.28,84437.86
748,P002-L2-M1,2025-01-07,S1,PRD0016,2175,1919,47,8,7.82,86.96,52340.82
749,P001-L1-M2,2025-01-07,S1,PRD0017,4095,3766,212,8,7.85,93.74,120678.33
750,P002-L2-M2,2025-01-07,S1,PRD0010,4644,4199,121,8,7.76,87.45,106695.26
751,P004-L1-M3,2025-01-07,S1,PRD0002,3954,3531,124,8,7.65,85.54,89354.41
752,P001-L3-M2,2025-01-07,S1,PRD0009,4038,3811,111,8,7.8,90.92,122032.45
753,P003-L2-M3,2025-01-07,S1,PRD0019,4357,4125,123,8,7.76,92.49,108873.43
754,P004-L4-M2,2025-01-07,S1,PRD0012,3884,3542,151,8,7.56,92.19,104177.94
755,P001-L4-M2,2025-01-07,S1,PRD0014,3802,3613,98,8,7.77,99.23,95976.96
756,P004-L5-M1,2025-01-07,S1,PRD0011,3511,3100,102,8,7.88,87.12,103972.39
757,P001-L5-M3,2025-01-07,S1,PRD0003,2078,1738,67,8,7.71,84.73,58683.48
758,P002-L3-M2,2025-01-07,S1,PRD0018,2741,2604,91,8,7.93,91.98,89460.69
759,P002-L1-M3,2025-01-07,S1,PRD0003,3142,2906,42,8,7.96,92.33,89457.02
760,P001-L3-M3,2025-01-07,S1,PRD0001,2360,2031,74,8,7.7,86.73,61541.63
761,P003-L4-M2,2025-01-07,S1,PRD0008,2223,2071,98,8,7.66,98.16,72267.89
762,P001-L4-M3,2025-01-07,S1,PRD0015,3639,3328,205,8,7.84,95.8,98658.31
763,P001-L2-M2,2025-01-07,S1,PRD0002,2234,2035,73,8,7.97,92.07,58422.16
764,P004-L2-M2,2025-01-07,S1,PRD0015,2481,2113,50,8,7.96,83.81,70008.1
765,P003-L1-M3,2025-01-07,S1,PRD0016,3892,3228,195,8,7.59,85.82,84562.96
766,P002-L1-M2,2025-01-07,S1,PRD0005,4893,4547,187,8,7.84,93.29,126950.18
767,P001-L4-M1,2025-01-07,S1,PRD0002,3387,3150,125,8,7.78,90.07,84627.5
768,P004-L1-M1,2025-01-07,S1,PRD0019,5144,4686,75,8,7.72,89.6,163915.12
769,P003-L3-M3,2025-01-07,S1,PRD0011,2484,2284,71,8,7.73,94.07,70361.52
770,P001-L1-M1,2025-01-07,S1,PRD0009,2665,2331,33,8,7.94,90.56,60531.27
771,P001-L1-M3,2025-01-07,S1,PRD0016,2942,2716,95,8,7.67,92.81,81639.44
772,P002-L4-M1,2025-01-07,S1,PRD0002,4039,3604,58,8,7.64,93.94,112873.87
773,P004-L3-M2,2025-01-07,S1,PRD0011,4014,3843,161,8,7.77,90.85,123035.84
774,P001-L2-M3,2025-01-07,S1,PRD0007,5165,4886,141,8,7.54,90.67,131858.45
775,P002-L4-M2,2025-01-07,S1,PRD0005,2128,1942,70,8,7.55,94.84,66817.76
776,P001-L5-M2,2025-01-07,S1,PRD0002,3898,3578,120,8,7.66,94.65,114101.96
777,P002-L4-M3,2025-01-07,S1,PRD0016,4158,3734,121,8,7.54,89.7,95435.98
778,P001-L5-M1,2025-01-07,S1,PRD0019,2116,1947,104,8,7.76,95.3,57736.86
779,P004-L3-M3,2025-01-07,S1,PRD0018,4792,4147,163,8,7.59,82.85,124949.43
780,P002-L3-M3,2025-01-07,S1,PRD0001,3489,3128,202,8,7.54,90.01,96779.57
781,P003-L4-M1,2025-01-07,S1,PRD0013,5052,4588,64,8,7.83,93.3,115564.38
782,P004-L2-M3,2025-01-07,S1,PRD0015,3650,3089,176,8,7.74,80.06,101699.56
783,P003-L5-M2,2025-01-07,S1,PRD0007,2853,2565,42,8,7.78,88.8,82580.47
784,P004-L4-M3,2025-01-07,S2,PRD0010,2793,2472,46,8,7.51,91.73,72344.44
785,P004-L1-M2,2025-01-07,S2,PRD0006,4818,4593,66,8,7.99,98.98,126627.93
786,P001-L5-M3,2025-01-07,S2,PRD0006,2178,1863,24,8,7.95,81.1,50007.78
787,P002-L3-M2,2025-01-07,S2,PRD0006,2634,2311,94,8,7.58,90.36,79167.37
788,P001-L4-M1,2025-01-07,S2,PRD0007,3114,2669,170,8,7.73,85.32,78592.4
789,P003-L5-M2,2025-01-07,S2,PRD0001,2901,2641,137,8,7.52,95.67,83447.57
790,P002-L2-M3,2025-01-07,S2,PRD0010,2080,1767,19,8,7.72,84.96,55069.42
791,P004-L5-M1,2025-01-07,S2,PRD0019,2980,2733,121,8,7.78,93.41,73181.67
792,P004-L4-M1,2025-01-07,S2,PRD0012,4548,3783,208,8,7.72,85.95,126535.28
793,P001-L4-M3,2025-01-07,S2,PRD0018,3637,3120,89,8,7.78,90.46,106138.62
794,P004-L2-M3,2025-01-07,S2,PRD0001,3529,3332,127,8,7.98,93.94,106130.99
795,P002-L4-M2,2025-01-07,S2,PRD0016,2122,1777,108,8,7.95,86.08,49054.28
796,P003-L5-M1,2025-01-07,S2,PRD0001,3769,3558,136,8,7.78,91.88,106120.16
797,P002-L1-M3,2025-01-07,S2,PRD0018,3206,3071,127,8,7.88,90.82,105513.66
798,P001-L5-M2,2025-01-07,S2,PRD0011,4212,3747,218,8,7.71,90.75,123833.52
799,P001-L4-M2,2025-01-07,S2,PRD0006,3717,3425,72,8,7.89,92.67,101267.55
800,P001-L2-M1,2025-01-07,S2,PRD0020,3379,2789,57,8,7.73,80.84,93588.68
801,P004-L5-M2,2025-01-07,S2,PRD0008,3080,2897,132,8,7.6,90.25,80256.46
802,P003-L3-M1,2025-01-07,S2,PRD0004,3222,2914,135,8,7.88,91.52,73920.04
803,P004-L2-M2,2025-01-07,S2,PRD0005,2697,2585,92,8,7.54,93.32,76384.23
804,P003-L1-M2,2025-01-07,S2,PRD0013,2169,1813,117,8,7.75,87.77,59258.93
805,P003-L2-M1,2025-01-07,S2,PRD0006,2585,2299,88,8,7.9,89.2,61967.98
806,P003-L4-M3,2025-01-07,S2,PRD0005,4150,3771,67,8,7.84,90.18,104346.73
807,P003-L2-M3,2025-01-07,S2,PRD0016,4358,3740,41,8,7.93,83.71,130468.68
808,P002-L2-M1,2025-01-07,S2,PRD0006,2287,2188,89,8,7.88,95.05,74061.21
809,P004-L5-M3,2025-01-07,S2,PRD0016,3388,2949,32,8,7.79,84.63,83899.49
810,P004-L3-M3,2025-01-07,S2,PRD0014,4687,4424,72,8,7.62,90.18,126267.47
811,P003-L5-M3,2025-01-07,S2,PRD0014,3250,2785,136,8,7.87,88.75,78648.32
812,P001-L3-M3,2025-01-07,S2,PRD0019,2510,2190,54,8,8.0,85.37,67060.78
813,P002-L5-M3,2025-01-07,S2,PRD0001,2732,2430,42,8,7.52,85.43,62093.53
814,P001-L1-M1,2025-01-07,S2,PRD0020,2646,2488,113,8,7.51,96.32,76698.83
815,P003-L3-M2,2025-01-07,S2,PRD0007,3565,2935,40,8,7.92,79.46,81411.7
816,P001-L2-M2,2025-01-07,S2,PRD0007,2311,2200,50,8,7.55,100.0,76104.96
817,P001-L1-M3,2025-01-07,S2,PRD0008,3404,2817,86,8,7.71,78.28,97915.11
818,P003-L2-M2,2025-01-07,S2,PRD0011,2774,2513,167,8,7.73,92.37,85410.52
819,P001-L3-M2,2025-01-07,S2,PRD0014,4435,4015,201,8,7.94,92.07,129242.18
820,P002-L4-M1,2025-01-07,S2,PRD0001,3657,3081,76,8,7.87,82.75,99602.96
821,P002-L1-M2,2025-01-07,S2,PRD0001,5129,4810,198,8,7.95,97.65,158432.12
822,P001-L3-M1,2025-01-07,S2,PRD0020,5142,4887,204,8,7.68,92.51,143140.03
823,P002-L4-M3,2025-01-07,S2,PRD0020,4195,3998,49,8,7.64,94.58,102401.35
824,P002-L5-M2,2025-01-07,S2,PRD0012,3037,2544,118,8,7.85,84.74,76139.62
825,P002-L3-M1,2025-01-07,S2,PRD0015,3057,2518,102,8,7.72,80.31,73863.33
826,P003-L3-M3,2025-01-07,S2,PRD0016,2495,2348,43,8,7.86,92.82,77728.8
827,P003-L4-M1,2025-01-07,S2,PRD0013,4971,4226,239,8,7.53,90.01,110915.48
828,P002-L2-M2,2025-01-07,S2,PRD0006,4073,3478,235,8,7.56,83.68,104404.77
829,P004-L3-M1,2025-01-07,S3,PRD0008,4304,3911,99,8,7.81,92.46,130814.58
830,P004-L2-M1,2025-01-07,S3,PRD0012,1966,1425,79,8,7.15,73.53,37498.21
831,P002-L2-M3,2025-01-07,S3,PRD0001,1855,1539,27,8,7.23,80.59,42438.86
832,P002-L3-M3,2025-01-07,S3,PRD0012,3138,2990,90,8,7.61,100.0,97200.3
833,P001-L2-M2,2025-01-07,S3,PRD0017,2163,1516,44,8,7.41,70.07,49182.71
834,P004-L3-M3,2025-01-07,S3,PRD0019,4795,3766,103,8,7.33,79.09,103569.82
835,P001-L4-M2,2025-01-07,S3,PRD0019,2836,2376,86,8,7.77,80.45,69004.4
836,P004-L1-M2,2025-01-07,S3,PRD0017,4453,3877,131,8,7.25,88.59,114782.55
837,P003-L3-M1,2025-01-07,S3,PRD0009,2878,2248,109,8,7.31,74.19,69182.63
838,P004-L3-M2,2025-01-07,S3,PRD0015,4075,3407,214,8,7.52,82.19,102345.29
839,P003-L3-M2,2025-01-07,S3,PRD0014,3122,2785,81,8,7.73,92.82,80758.99
840,P002-L2-M2,2025-01-07,S3,PRD0012,3863,3702,131,8,7.16,97.0,102279.67
841,P002-L5-M2,2025-01-07,S3,PRD0015,2399,1735,81,8,7.08,73.71,57098.74
842,P002-L3-M1,2025-01-07,S3,PRD0015,2745,2126,98,8,7.82,75.21,60144.75
843,P004-L5-M1,2025-01-07,S3,PRD0019,2878,2377,114,8,7.32,80.87,82861.09
844,P003-L3-M3,2025-01-07,S3,PRD0007,1957,1630,23,8,7.86,83.65,49426.52
845,P001-L5-M1,2025-01-07,S3,PRD0015,1967,1682,72,8,7.7,81.91,48211.03
846,P001-L5-M3,2025-01-07,S3,PRD0005,1805,1555,52,8,7.11,83.17,48566.71
847,P001-L2-M3,2025-01-07,S3,PRD0014,4143,3579,90,8,7.37,82.75,115443.8
848,P004-L4-M1,2025-01-07,S3,PRD0010,3833,3315,78,8,7.57,82.99,90099.13
849,P001-L5-M2,2025-01-07,S3,PRD0001,3481,3021,48,8,7.15,87.12,77842.76
850,P002-L4-M1,2025-01-07,S3,PRD0005,3292,3092,162,8,7.7,96.19,103036.01
851,P003-L1-M1,2025-01-07,S3,PRD0011,3493,3084,57,8,7.72,91.17,87879.72
852,P003-L4-M3,2025-01-07,S3,PRD0006,3585,3415,118,8,7.03,93.24,103249.14
853,P001-L3-M3,2025-01-07,S3,PRD0015,2091,1510,73,8,7.23,71.07,43384.01
854,P003-L1-M3,2025-01-07,S3,PRD0012,3252,2680,135,8,7.06,82.9,79307.32
855,P004-L4-M3,2025-01-07,S3,PRD0006,2514,2139,138,8,7.88,80.49,54087.68
856,P003-L1-M2,2025-01-07,S3,PRD0001,1802,1317,17,8,7.07,74.58,43389.6
857,P004-L5-M2,2025-01-07,S3,PRD0006,2840,2508,135,8,7.66,83.41,79493.12
858,P002-L2-M1,2025-01-07,S3,PRD0018,2114,1956,44,8,7.16,92.25,52872.58
859,P003-L2-M3,2025-01-07,S3,PRD0013,3275,2491,60,8,7.59,80.47,69384.63
860,P002-L4-M3,2025-01-07,S3,PRD0017,3611,3265,146,8,7.3,87.19,107289.38
861,P002-L1-M3,2025-01-07,S3,PRD0011,2634,1997,51,8,7.73,77.94,50461.21
862,P001-L3-M1,2025-01-07,S3,PRD0017,5049,3811,60,8,7.87,70.81,96237.48
863,P001-L1-M1,2025-01-07,S3,PRD0010,2177,2037,59,8,7.13,92.57,52568.1
864,P004-L1-M3,2025-01-07,S3,PRD0014,3430,2853,56,8,7.66,81.49,87011.38
865,P003-L5-M2,2025-01-07,S3,PRD0002,2704,2222,84,8,7.09,81.59,62970.44
866,P004-L2-M2,2025-01-07,S3,PRD0011,2336,1859,80,8,7.06,79.17,60253.92
867,P001-L4-M1,2025-01-07,S3,PRD0014,2753,1985,45,8,7.21,75.08,61376.69
868,P001-L3-M2,2025-01-07,S3,PRD0019,3658,3296,116,8,7.18,85.18,94119.74
869,P002-L1-M1,2025-01-07,S3,PRD0011,4092,3354,107,8,7.25,80.5,87340.74
870,P004-L5-M3,2025-01-07,S3,PRD0005,3269,3060,177,8,7.69,96.91,101679.43
871,P003-L4-M2,2025-01-07,S3,PRD0015,2062,1597,48,8,7.89,75.2,49852.73
872,P004-L2-M3,2025-01-07,S3,PRD0010,3265,2917,140,8,7.46,85.86,97699.53
873,P003-L5-M3,2025-01-07,S3,PRD0010,3344,2373,26,8,7.77,68.83,82976.54
874,P002-L4-M1,2025-01-08,S1,PRD0016,3269,2881,100,8,7.89,92.58,87110.22
875,P001-L4-M1,2025-01-08,S1,PRD0013,2828,2627,82,8,7.66,94.57,76710.65
876,P003-L1-M1,2025-01-08,S1,PRD0020,3387,3056,160,8,7.64,85.25,94190.41
877,P001-L1-M2,2025-01-08,S1,PRD0005,3443,3093,176,8,7.87,91.64,89807.43
878,P001-L5-M1,2025-01-08,S1,PRD0003,1885,1572,60,8,7.97,85.41,40325.03
879,P004-L1-M2,2025-01-08,S1,PRD0001,4522,3825,150,8,7.92,85.2,129209.25
880,P003-L2-M3,2025-01-08,S1,PRD0006,3849,3634,125,8,7.72,90.63,122034.97
881,P002-L2-M2,2025-01-08,S1,PRD0003,3947,3695,237,8,7.94,96.62,94638.25
882,P003-L3-M3,2025-01-08,S1,PRD0019,1973,1750,87,8,7.7,85.35,58246.41
883,P002-L3-M1,2025-01-08,S1,PRD0015,2470,2071,59,8,7.99,86.14,52122.4
884,P002-L5-M3,2025-01-08,S1,PRD0016,2253,1907,113,8,7.72,89.41,52069.87
885,P001-L1-M3,2025-01-08,S1,PRD0018,2590,2251,103,8,7.92,87.82,73554.3
886,P003-L3-M2,2025-01-08,S1,PRD0019,3109,2621,154,8,7.99,86.63,91467.98
887,P004-L5-M3,2025-01-08,S1,PRD0005,2770,2331,127,8,7.57,81.79,69969.07
888,P003-L4-M2,2025-01-08,S1,PRD0008,2014,1900,59,8,7.65,89.45,54867.16
889,P002-L1-M2,2025-01-08,S1,PRD0002,3982,3588,48,8,7.71,90.02,118009.76
890,P002-L1-M3,2025-01-08,S1,PRD0006,2778,2391,113,8,7.83,83.49,68218.6
891,P001-L2-M3,2025-01-08,S1,PRD0011,4305,3972,185,8,7.64,92.24,118911.51
892,P001-L3-M2,2025-01-08,S1,PRD0004,3392,3197,118,8,7.62,97.53,105321.95
893,P001-L5-M2,2025-01-08,S1,PRD0006,3466,3121,67,8,7.52,87.54,101070.81
894,P004-L5-M1,2025-01-08,S1,PRD0010,2909,2669,100,8,7.61,94.91,75551.15
895,P003-L5-M1,2025-01-08,S1,PRD0006,2867,2400,132,8,7.81,81.31,60685.15
896,P002-L2-M1,2025-01-08,S1,PRD0007,2215,1839,55,8,7.92,85.3,46476.12
897,P002-L1-M1,2025-01-08,S1,PRD0008,3993,3404,80,8,7.53,85.4,86299.52
898,P004-L3-M2,2025-01-08,S1,PRD0007,3403,2932,194,8,7.66,82.54,101529.09
899,P004-L2-M3,2025-01-08,S1,PRD0018,3390,2838,43,8,7.57,85.23,78800.59
900,P004-L5-M2,2025-01-08,S1,PRD0004,2738,2612,138,8,7.77,90.81,88765.05
901,P002-L3-M2,2025-01-08,S1,PRD0015,2558,2303,75,8,7.86,95.02,73910.47
902,P004-L1-M1,2025-01-08,S1,PRD0009,4422,4104,136,8,7.81,89.33,129690.85
903,P002-L2-M3,2025-01-08,S1,PRD0006,2083,1798,52,8,7.66,85.64,54342.51
904,P004-L3-M1,2025-01-08,S1,PRD0011,4551,3818,183,8,7.82,81.53,105775.52
905,P004-L1-M3,2025-01-08,S1,PRD0005,3209,3056,107,8,7.67,95.86,106329.27
906,P003-L1-M3,2025-01-08,S1,PRD0008,3046,2685,53,8,7.66,87.35,67586.03
907,P004-L2-M1,2025-01-08,S1,PRD0017,1912,1707,27,8,7.69,84.5,55579.46
908,P004-L4-M3,2025-01-08,S1,PRD0019,2404,2196,26,8,7.85,89.81,63321.71
909,P002-L5-M1,2025-01-08,S1,PRD0005,1947,1732,107,8,7.57,85.22,52676.88
910,P001-L5-M3,2025-01-08,S1,PRD0008,1841,1660,110,8,7.77,92.6,57218.57
911,P001-L1-M1,2025-01-08,S1,PRD0003,2131,2038,52,8,7.8,98.85,59246.09
912,P001-L3-M3,2025-01-08,S1,PRD0017,2157,1809,62,8,7.95,80.63,59914.51
913,P001-L4-M2,2025-01-08,S1,PRD0002,3153,2751,132,8,7.62,89.37,86541.02
914,P002-L4-M2,2025-01-08,S1,PRD0008,1806,1727,71,8,7.77,96.48,48613.6
915,P001-L2-M2,2025-01-08,S1,PRD0007,1895,1567,68,8,7.54,78.4,45877.93
916,P004-L4-M2,2025-01-08,S1,PRD0006,3351,3189,123,8,7.8,92.36,102772.26
917,P001-L4-M3,2025-01-08,S1,PRD0008,3505,3020,61,8,7.55,83.96,90142.74
918,P003-L3-M1,2025-01-08,S1,PRD0006,2830,2637,42,8,7.57,88.32,83333.37
919,P001-L5-M1,2025-01-08,S2,PRD0010,2147,1919,51,8,7.93,93.2,60897.18
920,P003-L2-M2,2025-01-08,S2,PRD0020,3130,2862,103,8,7.92,92.5,78906.63
921,P002-L3-M1,2025-01-08,S2,PRD0007,2917,2669,103,8,7.62,88.67,91038.57
922,P001-L1-M1,2025-01-08,S2,PRD0016,2468,2332,73,8,7.56,96.36,72054.78
923,P002-L5-M3,2025-01-08,S2,PRD0018,2483,2133,119,8,7.8,88.6,67401.17
924,P004-L1-M2,2025-01-08,S2,PRD0002,4440,3773,161,8,7.85,86.47,119200.58
925,P004-L4-M1,2025-01-08,S2,PRD0014,4247,3775,48,8,7.96,90.7,100412.1
926,P002-L1-M1,2025-01-08,S2,PRD0016,4220,3714,159,8,7.95,85.84,98908.85
927,P004-L2-M3,2025-01-08,S2,PRD0006,3821,3294,159,8,7.87,86.5,109801.25
928,P003-L3-M1,2025-01-08,S2,PRD0011,3217,2803,154,8,7.73,85.38,79962.39
929,P001-L3-M3,2025-01-08,S2,PRD0004,2249,1996,75,8,7.82,84.99,66662.49
930,P001-L2-M3,2025-01-08,S2,PRD0003,4421,4138,216,8,7.77,89.79,123748.38
931,P001-L5-M2,2025-01-08,S2,PRD0004,3627,3306,126,8,7.89,95.56,104932.94
932,P002-L2-M3,2025-01-08,S2,PRD0020,2201,2083,126,8,7.99,98.02,72318.39
933,P002-L3-M3,2025-01-08,S2,PRD0003,3147,3009,91,8,7.5,93.54,89079.07
934,P004-L3-M2,2025-01-08,S2,PRD0019,4490,3687,53,8,7.61,84.2,114529.39
935,P001-L3-M1,2025-01-08,S2,PRD0007,4807,4245,112,8,7.52,88.24,118081.02
936,P003-L5-M2,2025-01-08,S2,PRD0010,2958,2578,132,8,7.74,90.11,79795.43
937,P003-L2-M1,2025-01-08,S2,PRD0011,2479,2367,113,8,7.55,95.86,78628.76
938,P001-L4-M3,2025-01-08,S2,PRD0016,3562,3238,104,8,7.89,88.8,106404.92
939,P003-L1-M2,2025-01-08,S2,PRD0017,2280,2058,64,8,7.53,87.2,60078.31
940,P004-L5-M3,2025-01-08,S2,PRD0007,3642,3313,138,8,7.6,93.28,115772.31
941,P004-L4-M3,2025-01-08,S2,PRD0001,2671,2315,38,8,7.84,87.51,70799.09
942,P003-L5-M3,2025-01-08,S2,PRD0009,3686,3516,84,8,7.69,96.75,112652.82
943,P003-L2-M3,2025-01-08,S2,PRD0018,4352,4067,43,8,7.96,98.34,124244.06
944,P002-L1-M2,2025-01-08,S2,PRD0007,4474,3874,164,8,7.62,83.17,115131.59
945,P004-L3-M3,2025-01-08,S2,PRD0019,4676,4372,203,8,7.84,92.2,119708.62
946,P004-L3-M1,2025-01-08,S2,PRD0012,5105,4643,217,8,7.79,92.41,141883.25
947,P002-L2-M1,2025-01-08,S2,PRD0008,2252,1918,56,8,7.56,86.82,53598.14
948,P004-L5-M2,2025-01-08,S2,PRD0012,2894,2420,93,8,7.72,88.12,61086.46
949,P002-L1-M3,2025-01-08,S2,PRD0013,2860,2650,126,8,7.7,88.15,78394.02
950,P002-L4-M2,2025-01-08,S2,PRD0018,2073,1935,113,8,7.73,92.43,62657.26
951,P003-L3-M2,2025-01-08,S2,PRD0014,4091,3811,137,8,7.89,96.59,112860.65
952,P001-L4-M1,2025-01-08,S2,PRD0014,3328,2788,154,8,7.96,86.77,74037.24
953,P003-L3-M3,2025-01-08,S2,PRD0020,2300,1928,86,8,7.69,83.26,62393.14
954,P001-L3-M2,2025-01-08,S2,PRD0016,4032,3596,76,8,7.6,86.54,94301.53
955,P003-L4-M2,2025-01-08,S2,PRD0003,2128,1997,61,8,7.87,90.23,54706.68
956,P003-L1-M3,2025-01-08,S2,PRD0017,3322,2898,191,8,7.67,89.92,97842.84
957,P004-L1-M1,2025-01-08,S2,PRD0012,5228,4578,231,8,7.68,91.3,146732.9
958,P004-L5-M1,2025-01-08,S2,PRD0005,2980,2471,37,8,7.96,80.84,68824.48
959,P003-L4-M3,2025-01-08,S2,PRD0014,4630,4393,107,8,7.51,96.02,125735.25
960,P002-L2-M2,2025-01-08,S2,PRD0006,4532,4159,98,8,7.56,90.64,140838.27
961,P003-L4-M1,2025-01-08,S2,PRD0017,4722,4343,134,8,7.81,88.02,151912.31
962,P002-L4-M1,2025-01-08,S2,PRD0010,3472,3177,130,8,7.81,90.38,92398.28
963,P002-L5-M2,2025-01-08,S2,PRD0006,2707,2305,127,8,7.6,85.98,59413.42
964,P003-L1-M2,2025-01-08,S3,PRD0020,2054,1438,83,8,7.61,67.76,45168.05
965,P004-L2-M1,2025-01-08,S3,PRD0006,1854,1412,16,8,7.49,74.44,35599.8
966,P001-L5-M2,2025-01-08,S3,PRD0007,3541,3109,92,8,7.64,83.61,95119.75
967,P001-L5-M1,2025-01-08,S3,PRD0006,2001,1852,24,8,7.61,90.13,47084.65
968,P003-L3-M3,2025-01-08,S3,PRD0001,1864,1698,60,8,7.56,93.49,47331.59
969,P003-L5-M3,2025-01-08,S3,PRD0017,2734,2242,57,8,7.37,83.49,68216.69
970,P003-L2-M3,2025-01-08,S3,PRD0004,3272,2990,152,8,7.05,90.04,91440.14
971,P004-L2-M2,2025-01-08,S3,PRD0011,2342,1766,31,8,7.05,78.67,59737.89
972,P002-L2-M3,2025-01-08,S3,PRD0016,1956,1803,109,8,7.48,89.94,55533.75
973,P001-L1-M2,2025-01-08,S3,PRD0002,3581,3076,61,8,7.22,84.49,102255.12
974,P003-L4-M1,2025-01-08,S3,PRD0010,4082,2889,82,8,7.42,75.68,80340.86
975,P002-L1-M2,2025-01-08,S3,PRD0019,4452,3647,42,8,7.19,77.36,107131.33
976,P003-L3-M2,2025-01-08,S3,PRD0013,3556,3093,166,8,7.24,89.68,78632.91
977,P001-L1-M1,2025-01-08,S3,PRD0013,2280,1887,106,8,7.4,87.08,52825.31
978,P002-L3-M3,2025-01-08,S3,PRD0020,2723,2107,60,8,7.44,73.93,68215.56
979,P003-L4-M3,2025-01-08,S3,PRD0007,3412,3232,50,8,7.34,98.88,88701.11
980,P004-L4-M2,2025-01-08,S3,PRD0006,3244,2552,116,8,7.8,82.5,75741.8
981,P004-L5-M1,2025-01-08,S3,PRD0005,2672,1955,118,8,7.58,78.15,66978.66
982,P001-L2-M1,2025-01-08,S3,PRD0015,2762,2053,62,8,7.08,76.4,71631.5
983,P003-L2-M1,2025-01-08,S3,PRD0003,2311,1824,93,8,7.67,77.46,48573.2
984,P004-L3-M2,2025-01-08,S3,PRD0003,3628,2672,189,8,7.68,75.16,79706.47
985,P003-L4-M2,2025-01-08,S3,PRD0001,2028,1621,84,8,7.16,76.52,54000.93
986,P001-L2-M3,2025-01-08,S3,PRD0013,4217,3587,145,8,7.48,82.76,99540.49
987,P002-L5-M1,2025-01-08,S3,PRD0020,1937,1838,43,8,7.61,97.99,63676.44
988,P004-L3-M1,2025-01-08,S3,PRD0012,3953,3287,196,8,7.68,78.5,85448.44
989,P001-L5-M3,2025-01-08,S3,PRD0020,2028,1759,67,8,7.27,85.44,52627.88
990,P001-L3-M1,2025-01-08,S3,PRD0003,4751,4178,213,8,7.56,90.28,118675.34
991,P001-L3-M3,2025-01-08,S3,PRD0011,1843,1397,39,8,7.54,77.38,44028.0
992,P004-L3-M3,2025-01-08,S3,PRD0004,4403,3283,46,8,7.34,73.88,105354.41
993,P001-L2-M2,2025-01-08,S3,PRD0001,1952,1673,43,8,7.2,84.91,50798.28
994,P002-L3-M2,2025-01-08,S3,PRD0004,2278,1750,104,8,7.04,76.44,44926.92
995,P002-L5-M3,2025-01-08,S3,PRD0009,1978,1811,35,8,7.2,87.92,50856.94
996,P003-L1-M1,2025-01-08,S3,PRD0014,3247,3078,114,8,7.39,99.53,95622.82
997,P002-L2-M2,2025-01-08,S3,PRD0010,3583,2531,126,8,7.33,70.57,67375.25
998,P001-L4-M1,2025-01-08,S3,PRD0015,2614,2369,140,8,7.34,86.81,80150.77
999,P004-L4-M1,2025-01-08,S3,PRD0010,4158,3770,165,8,7.28,95.26,97468.97
1000,P002-L1-M1,2025-01-08,S3,PRD0005,3653,3418,177,8,7.72,93.91,85584.19
1001,P001-L1-M3,2025-01-08,S3,PRD0015,2815,2535,125,8,7.39,86.16,66226.83
1002,P004-L2-M3,2025-01-08,S3,PRD0018,3033,2898,163,8,7.57,95.68,94368.6
1003,P002-L1-M3,2025-01-08,S3,PRD0006,2747,2335,67,8,7.32,82.71,79718.05
1004,P004-L1-M2,2025-01-08,S3,PRD0020,4415,3116,186,8,7.48,69.46,87065.62
1005,P004-L5-M3,2025-01-08,S3,PRD0010,2704,1951,121,8,7.07,74.5,55922.98
1006,P004-L5-M2,2025-01-08,S3,PRD0013,2582,2405,101,8,7.17,92.3,83049.18
1007,P002-L3-M1,2025-01-08,S3,PRD0015,2641,2523,147,8,7.52,92.74,70764.44
1008,P001-L3-M2,2025-01-08,S3,PRD0013,3474,3061,177,8,7.58,84.82,79866.45
1009,P002-L4-M2,2025-01-09,S1,PRD0016,2039,1714,88,8,7.85,82.68,49848.06
1010,P004-L1-M2,2025-01-09,S1,PRD0009,5246,4459,180,8,7.7,80.24,122657.55
1011,P002-L5-M3,2025-01-09,S1,PRD0008,2548,2224,123,8,7.56,91.09,77316.58
1012,P003-L1-M2,2025-01-09,S1,PRD0009,2121,1957,73,8,7.86,91.06,62999.0
1013,P003-L2-M3,2025-01-09,S1,PRD0018,4088,3469,103,8,7.79,87.59,93204.8
1014,P001-L2-M2,2025-01-09,S1,PRD0019,2221,1923,106,8,7.54,89.56,59701.72
1015,P004-L1-M3,2025-01-09,S1,PRD0014,4024,3757,190,8,7.54,93.07,114162.01
1016,P002-L1-M2,2025-01-09,S1,PRD0015,5031,4746,200,8,7.51,91.12,135398.69
1017,P003-L3-M1,2025-01-09,S1,PRD0002,3238,2789,106,8,7.59,85.3,95004.1
1018,P001-L4-M1,2025-01-09,S1,PRD0018,3267,2997,78,8,7.55,87.41,94601.6
1019,P004-L4-M1,2025-01-09,S1,PRD0005,4543,4321,105,8,7.57,93.92,108205.69
1020,P003-L3-M2,2025-01-09,S1,PRD0020,4052,3352,204,8,7.59,81.46,107106.93
1021,P004-L5-M1,2025-01-09,S1,PRD0011,3007,2855,63,8,7.64,98.54,83769.02
1022,P001-L4-M2,2025-01-09,S1,PRD0001,3817,3355,49,8,7.64,91.33,85699.4
1023,P003-L2-M2,2025-01-09,S1,PRD0015,3122,2820,104,8,7.56,93.53,94178.7
1024,P002-L4-M3,2025-01-09,S1,PRD0013,3995,3667,167,8,7.67,90.24,107427.53
1025,P001-L3-M1,2025-01-09,S1,PRD0010,5002,4760,67,8,7.82,91.35,165134.46
1026,P002-L5-M1,2025-01-09,S1,PRD0009,2266,2121,43,8,7.59,88.63,58098.95
1027,P004-L3-M1,2025-01-09,S1,PRD0005,4824,4439,212,8,7.9,88.05,133242.86
1028,P003-L3-M3,2025-01-09,S1,PRD0007,2513,2362,31,8,7.56,91.71,72408.5
1029,P003-L1-M1,2025-01-09,S1,PRD0007,3957,3271,190,8,7.74,84.34,106033.85
1030,P004-L2-M1,2025-01-09,S1,PRD0003,2143,1918,58,8,7.69,89.98,55007.11
1031,P004-L4-M3,2025-01-09,S1,PRD0018,2598,2263,150,8,7.99,83.57,61820.84
1032,P003-L2-M1,2025-01-09,S1,PRD0001,2544,2331,39,8,7.6,86.87,67505.28
1033,P001-L1-M3,2025-01-09,S1,PRD0015,3237,2918,106,8,7.67,89.07,93023.95
1034,P001-L3-M2,2025-01-09,S1,PRD0010,4190,3923,174,8,7.79,94.59,111209.27
1035,P001-L5-M1,2025-01-09,S1,PRD0008,2232,1908,19,8,7.95,82.97,64184.35
1036,P002-L1-M3,2025-01-09,S1,PRD0003,3410,3033,113,8,7.74,92.4,83213.13
1037,P002-L2-M3,2025-01-09,S1,PRD0015,2326,1918,100,8,7.93,77.82,64470.57
1038,P002-L4-M1,2025-01-09,S1,PRD0018,3762,3568,212,8,7.92,98.13,94551.13
1039,P001-L4-M3,2025-01-09,S1,PRD0011,3804,3469,195,8,7.7,87.68,94707.02
1040,P002-L5-M2,2025-01-09,S1,PRD0012,2817,2455,124,8,7.98,82.38,66059.93
1041,P003-L1-M3,2025-01-09,S1,PRD0018,3934,3558,116,8,7.74,95.06,104996.23
1042,P002-L2-M1,2025-01-09,S1,PRD0011,2229,1869,21,8,7.54,86.93,64220.69
1043,P002-L3-M2,2025-01-09,S1,PRD0015,2550,2392,139,8,7.75,96.64,83269.05
1044,P003-L5-M1,2025-01-09,S1,PRD0002,3275,2744,73,8,7.55,84.93,71665.36
1045,P004-L2-M3,2025-01-09,S1,PRD0012,3953,3329,51,8,7.75,89.17,91841.63
1046,P004-L3-M3,2025-01-09,S1,PRD0007,4984,4118,140,8,7.77,78.27,103129.35
1047,P001-L2-M3,2025-01-09,S1,PRD0013,4713,4133,176,8,7.69,91.88,112344.68
1048,P002-L1-M1,2025-01-09,S1,PRD0009,4239,3932,204,8,7.98,89.09,108435.87
1049,P002-L3-M1,2025-01-09,S1,PRD0008,2722,2538,66,8,7.99,92.06,82551.7
1050,P004-L1-M1,2025-01-09,S1,PRD0006,5251,4681,145,8,7.53,89.43,149430.18
1051,P003-L4-M1,2025-01-09,S1,PRD0013,4550,4037,57,8,7.67,85.77,122904.82
1052,P004-L3-M2,2025-01-09,S1,PRD0003,4596,3871,78,8,7.86,86.35,129497.93
1053,P004-L4-M2,2025-01-09,S1,PRD0012,4266,3845,164,8,7.6,85.99,113570.86
1054,P004-L2-M3,2025-01-09,S2,PRD0007,4017,3590,78,8,7.85,85.74,96269.73
1055,P003-L3-M1,2025-01-09,S2,PRD0004,3296,2875,38,8,7.77,84.59,82791.47
1056,P001-L5-M1,2025-01-09,S2,PRD0012,2224,1973,48,8,7.9,91.91,54305.0
1057,P001-L5-M2,2025-01-09,S2,PRD0009,4070,3573,200,8,7.71,85.13,118728.03
1058,P004-L1-M2,2025-01-09,S2,PRD0010,4805,4306,179,8,7.79,89.18,143135.07
1059,P004-L3-M3,2025-01-09,S2,PRD0002,4693,3993,146,8,7.83,86.31,118507.86
1060,P004-L5-M2,2025-01-09,S2,PRD0009,3124,2971,121,8,7.74,99.7,101155.45
1061,P001-L1-M2,2025-01-09,S2,PRD0006,4021,3384,194,8,7.89,87.63,94800.89
1062,P003-L2-M2,2025-01-09,S2,PRD0012,2971,2472,145,8,7.68,79.59,81675.69
1063,P003-L1-M2,2025-01-09,S2,PRD0018,1970,1789,84,8,7.84,87.75,56641.36
1064,P002-L4-M1,2025-01-09,S2,PRD0014,3321,2828,29,8,7.63,87.58,79410.82
1065,P002-L5-M2,2025-01-09,S2,PRD0020,2668,2403,100,8,7.92,93.05,80277.61
1066,P001-L2-M2,2025-01-09,S2,PRD0008,2220,1854,72,8,7.55,78.75,60612.31
1067,P003-L4-M3,2025-01-09,S2,PRD0006,4505,4054,103,8,7.6,86.31,134008.94
1068,P001-L4-M2,2025-01-09,S2,PRD0011,3529,3065,101,8,7.74,90.69,96428.3
1069,P001-L1-M3,2025-01-09,S2,PRD0007,3165,2748,172,8,7.67,82.73,94246.61
1070,P004-L5-M3,2025-01-09,S2,PRD0011,3154,2776,104,8,7.6,83.56,82537.72
1071,P004-L4-M1,2025-01-09,S2,PRD0019,4715,3998,159,8,7.75,86.66,138373.1
1072,P002-L1-M2,2025-01-09,S2,PRD0010,4605,4092,88,8,7.78,85.0,107851.91
1073,P001-L4-M3,2025-01-09,S2,PRD0013,3796,3118,123,8,7.62,79.13,89655.04
1074,P002-L3-M3,2025-01-09,S2,PRD0013,3502,3089,152,8,7.66,92.31,81221.16
1075,P002-L1-M3,2025-01-09,S2,PRD0007,3010,2486,90,8,7.66,78.42,81655.18
1076,P003-L4-M2,2025-01-09,S2,PRD0007,2059,1807,83,8,7.88,91.33,47384.2
1077,P002-L1-M1,2025-01-09,S2,PRD0015,3967,3494,90,8,7.52,88.31,89134.86
1078,P004-L3-M2,2025-01-09,S2,PRD0006,4146,3947,220,8,7.75,93.14,107714.55
1079,P002-L3-M2,2025-01-09,S2,PRD0011,2815,2621,68,8,7.92,97.62,73317.4
1080,P004-L1-M1,2025-01-09,S2,PRD0006,5127,4796,220,8,7.61,93.59,150070.26
1081,P002-L2-M3,2025-01-09,S2,PRD0012,2114,1952,90,8,7.88,88.97,51840.04
1082,P004-L2-M1,2025-01-09,S2,PRD0017,1982,1750,37,8,7.65,84.55,53901.47
1083,P003-L2-M1,2025-01-09,S2,PRD0015,2361,1948,41,8,7.81,84.98,58174.46
1084,P004-L1-M3,2025-01-09,S2,PRD0001,3446,2976,49,8,7.72,88.56,87578.06
1085,P003-L1-M3,2025-01-09,S2,PRD0018,3668,3203,217,8,7.5,83.43,82953.79
1086,P001-L2-M3,2025-01-09,S2,PRD0014,4663,4115,156,8,7.73,83.29,102956.07
1087,P002-L2-M1,2025-01-09,S2,PRD0011,2270,2132,26,8,7.53,97.38,74207.52
1088,P003-L3-M2,2025-01-09,S2,PRD0005,3833,3554,76,8,7.91,93.04,93846.81
1089,P002-L3-M1,2025-01-09,S2,PRD0012,2967,2724,153,8,7.68,92.59,70666.73
1090,P002-L2-M2,2025-01-09,S2,PRD0004,4152,3494,95,8,7.66,85.31,95442.8
1091,P001-L5-M3,2025-01-09,S2,PRD0009,1972,1869,27,8,7.86,94.47,48655.04
1092,P002-L4-M3,2025-01-09,S2,PRD0013,4088,3777,146,8,7.52,93.94,112794.07
1093,P001-L4-M1,2025-01-09,S2,PRD0002,3424,3220,55,8,7.57,94.42,105342.64
1094,P003-L5-M1,2025-01-09,S2,PRD0008,3712,3519,125,8,7.82,90.87,99100.8
1095,P003-L2-M3,2025-01-09,S2,PRD0019,4248,3782,172,8,7.56,93.07,105038.73
1096,P003-L5-M3,2025-01-09,S2,PRD0002,3135,2713,113,8,7.87,90.98,84279.64
1097,P002-L5-M1,2025-01-09,S2,PRD0016,2333,2118,113,8,7.64,86.87,65419.53
1098,P004-L2-M2,2025-01-09,S2,PRD0013,2593,2323,103,8,7.86,93.01,70424.89
1099,P004-L5-M1,2025-01-09,S3,PRD0015,2616,2362,129,8,7.35,94.32,78280.16
1100,P003-L2-M3,2025-01-09,S3,PRD0016,3186,2342,48,8,7.36,73.45,75392.16
1101,P003-L2-M2,2025-01-09,S3,PRD0003,2337,1996,78,8,7.59,83.19,69498.94
1102,P002-L2-M2,2025-01-09,S3,PRD0016,3761,2983,153,8,7.13,80.24,87213.74
1103,P003-L2-M1,2025-01-09,S3,PRD0013,2141,1515,56,8,7.13,73.61,46058.13
1104,P002-L1-M3,2025-01-09,S3,PRD0007,2303,1997,129,8,7.05,87.21,62171.9
1105,P004-L1-M1,2025-01-09,S3,PRD0012,4324,3395,54,8,7.14,75.83,112970.86
1106,P001-L4-M1,2025-01-09,S3,PRD0018,2542,1966,75,8,7.18,77.63,66501.53
1107,P002-L3-M1,2025-01-09,S3,PRD0020,2178,1830,108,8,7.78,84.43,60354.11
1108,P003-L3-M1,2025-01-09,S3,PRD0009,2560,2151,45,8,7.24,79.49,67643.8
1109,P002-L3-M3,2025-01-09,S3,PRD0014,2879,2742,98,8,7.8,96.72,80667.61
1110,P002-L3-M2,2025-01-09,S3,PRD0007,2190,1672,72,8,7.08,75.58,49275.25
1111,P001-L5-M1,2025-01-09,S3,PRD0020,1672,1502,58,8,7.75,94.51,49053.28
1112,P002-L4-M1,2025-01-09,S3,PRD0020,2943,2402,26,8,7.13,82.79,71982.0
1113,P004-L3-M2,2025-01-09,S3,PRD0004,3096,2890,123,8,7.46,92.46,82785.13
1114,P002-L4-M3,2025-01-09,S3,PRD0019,2829,2034,128,8,7.86,74.55,52576.85
1115,P003-L4-M2,2025-01-09,S3,PRD0014,1672,1250,21,8,7.41,78.74,33599.33
1116,P003-L1-M3,2025-01-09,S3,PRD0001,2955,2100,98,8,7.62,70.21,63044.03
1117,P001-L1-M2,2025-01-09,S3,PRD0006,2963,2638,67,8,7.78,90.29,88291.03
1118,P004-L5-M2,2025-01-09,S3,PRD0010,2652,2208,31,8,7.59,84.47,65578.11
1119,P002-L2-M1,2025-01-09,S3,PRD0011,1937,1461,21,8,7.22,80.08,39180.08
1120,P002-L1-M2,2025-01-09,S3,PRD0003,3525,2922,124,8,7.05,87.11,102206.15
1121,P003-L4-M3,2025-01-09,S3,PRD0013,3648,2586,64,8,7.82,74.93,72069.97
1122,P003-L3-M3,2025-01-09,S3,PRD0010,1694,1297,47,8,7.74,76.24,42538.87
1123,P004-L4-M1,2025-01-09,S3,PRD0015,3684,2980,62,8,7.87,77.06,91038.67
1124,P003-L1-M1,2025-01-09,S3,PRD0001,2794,2481,104,8,7.05,88.2,64406.0
1125,P004-L2-M2,2025-01-09,S3,PRD0009,2138,1947,67,8,7.75,89.05,66554.8
1126,P001-L2-M1,2025-01-09,S3,PRD0011,2396,1756,43,8,7.54,74.66,45066.78
1127,P003-L5-M1,2025-01-09,S3,PRD0015,2710,1899,57,8,7.36,74.5,51929.47
1128,P004-L2-M1,2025-01-09,S3,PRD0018,1570,1332,71,8,7.31,87.02,37780.93
1129,P001-L1-M3,2025-01-09,S3,PRD0018,2621,2351,104,8,7.43,87.65,73033.72
1130,P002-L5-M3,2025-01-09,S3,PRD0010,1887,1686,30,8,7.65,89.93,49684.82
1131,P002-L4-M2,2025-01-09,S3,PRD0019,1514,1328,74,8,7.43,89.16,40645.06
1132,P004-L5-M3,2025-01-09,S3,PRD0016,2800,2416,48,8,7.46,89.28,62501.11
1133,P001-L5-M3,2025-01-09,S3,PRD0014,1794,1584,29,8,7.23,83.4,43065.71
1134,P001-L2-M3,2025-01-09,S3,PRD0018,3747,3475,134,8,7.27,95.94,107172.77
1135,P004-L3-M1,2025-01-09,S3,PRD0007,3935,3197,55,8,7.07,80.07,89588.58
1136,P001-L2-M2,2025-01-09,S3,PRD0016,1813,1293,25,8,7.74,76.11,43779.76
1137,P001-L3-M1,2025-01-09,S3,PRD0010,4396,3554,156,8,7.61,78.25,92407.11
1138,P001-L3-M3,2025-01-09,S3,PRD0008,1726,1470,21,8,7.72,81.92,41287.54
1139,P003-L3-M2,2025-01-09,S3,PRD0003,3110,2883,76,8,7.26,87.89,87108.69
1140,P001-L1-M1,2025-01-09,S3,PRD0001,2000,1897,31,8,7.28,97.34,59741.16
1141,P004-L2-M3,2025-01-09,S3,PRD0011,2797,2181,102,8,7.86,77.9,62311.0
1142,P004-L3-M3,2025-01-09,S3,PRD0015,4146,3392,39,8,7.51,78.78,99355.07
1143,P004-L1-M3,2025-01-09,S3,PRD0014,2736,2338,137,8,7.18,83.45,76008.27
1144,P004-L5-M1,2025-01-10,S1,PRD0003,3021,2802,96,8,7.79,90.36,70880.21
1145,P002-L3-M2,2025-01-10,S1,PRD0020,2662,2525,110,8,7.98,93.42,83510.9
1146,P003-L1-M2,2025-01-10,S1,PRD0012,2297,2100,46,8,7.82,89.8,69165.3
1147,P003-L5-M2,2025-01-10,S1,PRD0004,3052,2636,181,8,7.63,82.2,75078.2
1148,P002-L3-M3,2025-01-10,S1,PRD0016,3506,3202,152,8,7.6,95.81,111216.0
1149,P003-L3-M1,2025-01-10,S1,PRD0009,3381,2852,69,8,7.99,83.24,94753.13
1150,P004-L4-M3,2025-01-10,S1,PRD0003,2789,2373,60,8,7.73,85.22,72696.29
1151,P004-L2-M1,2025-01-10,S1,PRD0006,2106,1870,99,8,7.89,87.88,49100.01
1152,P001-L1-M2,2025-01-10,S1,PRD0017,3962,3349,188,8,7.51,88.37,97958.11
1153,P001-L2-M1,2025-01-10,S1,PRD0011,3006,2649,135,8,7.94,88.97,86459.63
1154,P002-L5-M1,2025-01-10,S1,PRD0013,2058,1768,105,8,7.7,90.27,45436.39
1155,P001-L3-M1,2025-01-10,S1,PRD0016,4975,4360,58,8,7.72,82.94,140677.03
1156,P004-L2-M3,2025-01-10,S1,PRD0020,4161,3637,157,8,7.52,90.77,100141.81
1157,P004-L4-M1,2025-01-10,S1,PRD0008,4332,3779,43,8,7.62,84.1,104086.39
1158,P003-L3-M3,2025-01-10,S1,PRD0018,2304,1932,44,8,7.63,83.86,64004.18
1159,P003-L1-M3,2025-01-10,S1,PRD0005,3411,3040,202,8,7.52,85.66,88300.04
1160,P004-L3-M3,2025-01-10,S1,PRD0017,5039,4377,127,8,7.89,86.9,116589.33
1161,P001-L3-M2,2025-01-10,S1,PRD0018,4076,3884,64,8,7.71,91.97,101929.66
1162,P002-L1-M3,2025-01-10,S1,PRD0001,2869,2707,91,8,7.75,92.82,94364.64
1163,P001-L2-M2,2025-01-10,S1,PRD0016,2235,2033,87,8,7.55,92.03,55425.62
1164,P004-L1-M1,2025-01-10,S1,PRD0005,5194,4934,122,8,7.54,93.76,147944.51
1165,P002-L2-M3,2025-01-10,S1,PRD0007,2220,2048,142,8,7.94,94.41,69145.0
1166,P002-L1-M1,2025-01-10,S1,PRD0016,4444,3782,116,8,7.51,89.72,104057.63
1167,P002-L5-M3,2025-01-10,S1,PRD0020,2624,2433,51,8,7.51,97.43,83942.07
1168,P003-L5-M3,2025-01-10,S1,PRD0010,3523,3011,142,8,7.94,84.89,82947.9
1169,P002-L5-M2,2025-01-10,S1,PRD0012,3009,2715,78,8,7.99,94.05,88067.38
1170,P001-L4-M3,2025-01-10,S1,PRD0013,3850,3483,242,8,7.88,86.14,108747.88
1171,P002-L3-M1,2025-01-10,S1,PRD0017,2878,2375,94,8,7.57,86.84,77204.41
1172,P003-L2-M2,2025-01-10,S1,PRD0009,2720,2519,99,8,7.8,95.73,78808.5
1173,P003-L4-M3,2025-01-10,S1,PRD0018,4439,3644,67,8,7.66,79.56,115527.38
1174,P001-L2-M3,2025-01-10,S1,PRD0003,4352,3870,50,8,7.58,83.93,115741.13
1175,P003-L5-M1,2025-01-10,S1,PRD0006,3576,3262,170,8,7.68,90.4,99720.87
1176,P001-L1-M3,2025-01-10,S1,PRD0005,3409,2937,74,8,7.55,90.24,99005.35
1177,P001-L5-M3,2025-01-10,S1,PRD0011,2203,2018,38,8,7.88,90.88,53508.18
1178,P004-L4-M2,2025-01-10,S1,PRD0011,4257,3685,224,8,7.75,85.26,126159.93
1179,P001-L5-M1,2025-01-10,S1,PRD0001,2093,1738,63,8,7.56,87.91,54360.43
1180,P002-L2-M2,2025-01-10,S1,PRD0005,4229,3512,206,8,7.55,87.68,112794.21
1181,P004-L5-M3,2025-01-10,S1,PRD0003,3625,3023,132,8,7.76,80.81,93521.46
1182,P001-L3-M3,2025-01-10,S1,PRD0007,2508,2091,117,8,7.94,86.65,65102.36
1183,P001-L4-M2,2025-01-10,S1,PRD0014,3179,2962,67,8,7.87,94.82,78299.58
1184,P003-L2-M3,2025-01-10,S1,PRD0017,3850,3414,152,8,7.84,91.98,89251.15
1185,P003-L1-M1,2025-01-10,S1,PRD0004,3619,3055,139,8,7.72,88.94,90557.77
1186,P004-L1-M3,2025-01-10,S1,PRD0008,3683,3400,236,8,7.77,91.29,101232.92
1187,P003-L4-M1,2025-01-10,S1,PRD0020,4511,3916,222,8,7.56,90.1,105868.68
1188,P002-L4-M2,2025-01-10,S1,PRD0004,2006,1672,100,8,7.93,80.9,50534.63
1189,P004-L1-M2,2025-01-10,S2,PRD0016,4425,3922,139,8,7.65,90.61,107153.18
1190,P003-L2-M2,2025-01-10,S2,PRD0017,3050,2685,142,8,7.82,92.32,87108.93
1191,P001-L3-M2,2025-01-10,S2,PRD0001,4147,3567,158,8,8.0,87.08,109809.4
1192,P001-L1-M3,2025-01-10,S2,PRD0010,3131,2975,73,8,7.97,98.36,80479.11
1193,P003-L5-M2,2025-01-10,S2,PRD0002,3063,2938,76,8,7.52,95.01,82967.29
1194,P001-L4-M2,2025-01-10,S2,PRD0017,3266,3069,84,8,7.8,94.83,93564.92
1195,P001-L5-M2,2025-01-10,S2,PRD0018,3566,3365,116,8,7.89,91.92,115065.71
1196,P004-L1-M1,2025-01-10,S2,PRD0004,5050,4249,120,8,7.89,84.36,109154.22
1197,P002-L5-M1,2025-01-10,S2,PRD0020,2227,2062,78,8,7.74,88.78,68073.78
1198,P004-L3-M3,2025-01-10,S2,PRD0003,5415,4725,162,8,7.97,84.86,158405.82
1199,P003-L2-M1,2025-01-10,S2,PRD0003,2550,2180,22,8,7.58,83.3,66614.37
1200,P002-L2-M2,2025-01-10,S2,PRD0011,4472,3854,230,8,7.73,85.17,104715.01
1201,P002-L5-M2,2025-01-10,S2,PRD0012,2883,2727,166,8,7.52,93.74,76298.46
1202,P001-L5-M3,2025-01-10,S2,PRD0020,2139,2020,88,8,7.66,95.5,61717.18
1203,P003-L4-M3,2025-01-10,S2,PRD0020,4218,3547,87,8,7.83,85.36,115438.59
1204,P004-L4-M2,2025-01-10,S2,PRD0014,4287,3668,215,8,7.9,88.06,96206.52
1205,P002-L2-M3,2025-01-10,S2,PRD0011,2109,1894,20,8,7.5,86.86,54439.34
1206,P002-L3-M2,2025-01-10,S2,PRD0011,2637,2497,132,8,7.85,91.83,67066.22
1207,P002-L4-M2,2025-01-10,S2,PRD0015,1912,1633,83,8,7.94,84.83,44360.81
1208,P004-L2-M2,2025-01-10,S2,PRD0004,2613,2386,110,8,7.64,93.43,75844.42
1209,P003-L3-M1,2025-01-10,S2,PRD0014,2971,2812,130,8,7.92,92.36,96759.66
1210,P004-L2-M3,2025-01-10,S2,PRD0010,3615,3083,130,8,7.71,88.98,89909.27
1211,P001-L5-M1,2025-01-10,S2,PRD0004,2103,1890,80,8,7.88,86.36,50369.34
1212,P003-L1-M3,2025-01-10,S2,PRD0003,3425,2825,179,8,7.6,85.96,73585.87
1213,P004-L4-M3,2025-01-10,S2,PRD0019,2571,2153,111,8,7.96,83.2,62941.89
1214,P001-L3-M3,2025-01-10,S2,PRD0006,2344,1954,39,8,7.81,84.1,55628.46
1215,P004-L3-M1,2025-01-10,S2,PRD0020,4999,4694,192,8,7.66,97.26,125183.49
1216,P002-L2-M1,2025-01-10,S2,PRD0020,2337,1953,92,8,7.61,80.63,55268.64
1217,P001-L2-M3,2025-01-10,S2,PRD0011,4738,3982,223,8,7.78,85.48,116231.79
1218,P003-L5-M1,2025-01-10,S2,PRD0005,3558,3369,133,8,7.87,93.4,110754.83
1219,P001-L1-M1,2025-01-10,S2,PRD0003,2578,2451,80,8,7.8,95.81,69693.61
1220,P003-L4-M1,2025-01-10,S2,PRD0012,4257,4045,120,8,7.85,90.32,108982.73
1221,P002-L1-M2,2025-01-10,S2,PRD0009,4320,3701,155,8,7.99,81.54,128285.94
1222,P001-L4-M3,2025-01-10,S2,PRD0020,3609,3221,47,8,7.52,88.37,109807.32
1223,P002-L4-M1,2025-01-10,S2,PRD0008,3472,3190,61,8,7.79,89.89,82860.4
1224,P002-L3-M3,2025-01-10,S2,PRD0003,3516,2899,187,8,7.52,80.16,73791.43
1225,P002-L1-M1,2025-01-10,S2,PRD0002,4559,3977,119,8,7.66,90.6,101773.92
1226,P003-L3-M3,2025-01-10,S2,PRD0006,2363,2112,78,8,7.7,93.23,62549.71
1227,P004-L5-M2,2025-01-10,S2,PRD0011,3037,2731,71,8,7.81,92.47,95416.67
1228,P002-L5-M3,2025-01-10,S2,PRD0016,2391,2239,47,8,7.83,95.4,56791.84
1229,P003-L2-M3,2025-01-10,S2,PRD0020,4056,3786,170,8,7.83,89.78,97776.14
1230,P001-L1-M2,2025-01-10,S2,PRD0014,3858,3518,143,8,7.74,86.59,108040.38
1231,P004-L4-M1,2025-01-10,S2,PRD0011,4669,4274,206,8,7.89,86.6,147342.93
1232,P004-L1-M3,2025-01-10,S2,PRD0010,3507,3137,51,8,7.77,90.86,90366.32
1233,P003-L1-M1,2025-01-10,S2,PRD0009,3571,3105,180,8,7.59,82.93,87326.04
1234,P001-L5-M3,2025-01-10,S3,PRD0008,1595,1179,53,8,7.29,71.32,33671.06
1235,P001-L2-M2,2025-01-10,S3,PRD0020,1762,1626,92,8,7.38,87.99,43159.1
1236,P001-L5-M1,2025-01-10,S3,PRD0006,1762,1362,42,8,7.19,72.93,35238.75
1237,P003-L1-M1,2025-01-10,S3,PRD0020,2782,2304,30,8,7.2,79.36,65845.27
1238,P002-L3-M3,2025-01-10,S3,PRD0015,2717,2511,30,8,7.18,93.46,69392.66
1239,P004-L5-M2,2025-01-10,S3,PRD0007,2362,1820,70,8,7.79,81.94,58255.07
1240,P004-L3-M2,2025-01-10,S3,PRD0014,2979,2831,113,8,7.84,93.58,92554.77
1241,P001-L4-M1,2025-01-10,S3,PRD0014,2655,2284,108,8,7.03,83.07,64624.36
1242,P002-L2-M3,2025-01-10,S3,PRD0005,1736,1217,49,8,7.04,74.63,31910.23
1243,P001-L4-M2,2025-01-10,S3,PRD0017,2855,2431,59,8,7.66,81.73,69208.4
1244,P001-L2-M3,2025-01-10,S3,PRD0002,3428,2877,137,8,7.57,86.04,80270.56
1245,P004-L1-M2,2025-01-10,S3,PRD0010,3465,2559,116,8,7.01,76.21,78096.39
1246,P001-L2-M1,2025-01-10,S3,PRD0009,2374,2266,78,8,7.63,96.74,58869.98
1247,P003-L2-M1,2025-01-10,S3,PRD0012,1957,1869,34,8,7.18,92.36,63332.06
1248,P001-L3-M3,2025-01-10,S3,PRD0019,1773,1510,39,8,7.32,82.08,42411.44
1249,P004-L4-M2,2025-01-10,S3,PRD0010,3431,3102,34,8,7.06,94.53,77844.61
1250,P004-L1-M1,2025-01-10,S3,PRD0004,3808,3510,52,8,7.28,87.55,108413.73
1251,P001-L3-M2,2025-01-10,S3,PRD0009,3122,2925,165,8,7.56,98.44,76448.04
1252,P003-L4-M3,2025-01-10,S3,PRD0010,3083,2583,55,8,7.32,83.71,77508.5
1253,P003-L2-M3,2025-01-10,S3,PRD0013,3257,2385,86,8,7.07,72.5,78695.86
1254,P003-L2-M2,2025-01-10,S3,PRD0018,2095,1791,61,8,7.03,81.2,47405.46
1255,P004-L1-M3,2025-01-10,S3,PRD0002,3034,2845,184,8,7.21,90.15,90586.69
1256,P004-L2-M1,2025-01-10,S3,PRD0007,1663,1513,92,8,7.78,93.85,50657.25
1257,P002-L3-M2,2025-01-10,S3,PRD0004,1935,1395,22,8,7.71,74.86,48328.55
1258,P002-L5-M3,2025-01-10,S3,PRD0009,1869,1561,28,8,7.5,80.31,43877.06
1259,P002-L1-M2,2025-01-10,S3,PRD0011,3632,3320,102,8,7.12,94.55,85946.47
1260,P003-L4-M1,2025-01-10,S3,PRD0016,3830,2938,65,8,7.43,72.43,87108.47
1261,P001-L1-M1,2025-01-10,S3,PRD0007,1928,1679,50,8,7.17,85.74,47022.65
1262,P002-L1-M3,2025-01-10,S3,PRD0018,2202,1999,36,8,7.23,94.58,53261.2
1263,P001-L1-M3,2025-01-10,S3,PRD0008,2447,1918,127,8,7.77,74.16,55469.99
1264,P003-L5-M2,2025-01-10,S3,PRD0007,2427,2131,30,8,7.79,84.06,53769.06
1265,P004-L5-M1,2025-01-10,S3,PRD0005,2409,1893,22,8,7.13,79.06,53150.54
1266,P003-L3-M2,2025-01-10,S3,PRD0007,3090,2397,74,8,7.77,77.29,73213.71
1267,P002-L2-M2,2025-01-10,S3,PRD0014,3130,2391,161,8,7.71,75.7,63227.69
1268,P002-L5-M1,2025-01-10,S3,PRD0003,1661,1341,83,8,7.35,78.68,45936.88
1269,P004-L2-M2,2025-01-10,S3,PRD0001,2102,1930,42,8,7.2,94.93,50348.67
1270,P001-L3-M1,2025-01-10,S3,PRD0006,3822,3080,67,8,7.67,81.21,87016.0
1271,P004-L2-M3,2025-01-10,S3,PRD0006,2976,2403,103,8,7.33,85.34,64087.04
1272,P002-L4-M2,2025-01-10,S3,PRD0006,1458,1232,78,8,7.65,86.04,34741.74
1273,P002-L5-M2,2025-01-10,S3,PRD0013,2092,1630,57,8,7.2,77.31,50547.38
1274,P004-L3-M1,2025-01-10,S3,PRD0018,4054,3855,154,8,7.79,99.42,101866.22
1275,P002-L2-M1,2025-01-10,S3,PRD0015,1795,1591,22,8,7.63,93.33,45594.31
1276,P002-L4-M3,2025-01-10,S3,PRD0007,2804,2368,145,8,7.46,84.32,64616.55
1277,P002-L1-M1,2025-01-10,S3,PRD0002,3602,3169,48,8,7.01,91.93,93490.72
1278,P003-L4-M2,2025-01-10,S3,PRD0012,1767,1347,71,8,7.1,78.46,36985.06
