SensorReadingID,MachineID,DateRecorded,ShiftID,Temperature_C,Vibration_mm_s,Pressure_bar,Energy_kWh,AnomalyScore
1,P001-L1-M1,2025-01-01,S2,67.9,1.25,5.83,540.73,0.11
2,P001-L1-M1,2025-01-01,S3,70.7,1.09,6.13,519.57,0.03
3,P001-L1-M1,2025-01-02,S1,66.5,1.52,5.92,520.59,0.06
4,P001-L1-M1,2025-01-02,S2,67.9,1.44,6.17,497.31,0.0
5,P001-L1-M1,2025-01-02,S3,70.6,1.11,5.74,476.04,0.07
6,P001-L1-M1,2025-01-03,S1,65.8,1.42,6.23,562.09,0.01
7,P001-L1-M1,2025-01-03,S2,66.7,1.26,6.25,568.72,0.05
8,P001-L1-M1,2025-01-03,S3,72.1,1.18,6.0,551.18,0.02
9,P001-L1-M2,2025-01-02,S1,72.5,1.74,6.18,890.58,0.1
10,P001-L1-M2,2025-01-02,S2,69.1,1.4,5.65,876.11,0.05
11,P001-L1-M2,2025-01-03,S1,69.4,1.37,5.9,945.34,0.02
12,P001-L1-M2,2025-01-03,S2,69.7,1.9,6.38,944.53,0.04
13,P001-L1-M2,2025-01-03,S3,72.9,1.49,6.38,848.73,0.04
14,P001-L1-M3,2025-01-01,S1,70.5,1.56,5.81,782.87,0.08
15,P001-L1-M3,2025-01-01,S2,71.2,1.67,6.27,787.18,0.05
16,P001-L1-M3,2025-01-01,S3,75.3,1.54,6.04,715.37,0.03
17,P001-L1-M3,2025-01-02,S1,71.3,1.89,5.98,768.73,0.02
18,P001-L1-M3,2025-01-03,S1,72.2,1.62,5.98,759.21,0.01
19,P001-L1-M3,2025-01-03,S3,74.1,1.55,5.69,730.96,0.01
20,P001-L2-M1,2025-01-01,S1,65.1,0.91,6.13,634.81,0.08
21,P001-L2-M1,2025-01-01,S2,66.8,0.91,5.61,627.18,0.08
22,P001-L2-M1,2025-01-01,S3,80.5,2.39,6.45,634.21,0.85
23,P001-L2-M1,2025-01-02,S1,64.6,0.94,6.14,665.18,0.04
24,P001-L2-M1,2025-01-02,S2,64.8,1.19,6.19,612.87,0.04
25,P001-L2-M1,2025-01-02,S3,67.5,0.88,5.97,617.61,0.04
26,P001-L2-M1,2025-01-03,S2,66.6,0.9,5.99,677.16,0.06
27,P001-L2-M1,2025-01-03,S3,66.1,1.26,5.86,597.9,0.11
28,P001-L2-M2,2025-01-01,S2,67.0,1.34,6.1,514.03,0.05
29,P001-L2-M2,2025-01-02,S1,65.5,1.31,6.13,489.84,0.07
30,P001-L2-M2,2025-01-02,S2,69.1,1.44,6.12,523.27,0.08
31,P001-L2-M2,2025-01-02,S3,68.2,1.46,5.7,499.54,0.08
32,P001-L2-M2,2025-01-03,S1,66.6,1.06,6.08,501.76,0.0
33,P001-L2-M2,2025-01-03,S3,68.2,1.33,5.98,509.74,0.05
34,P001-L2-M3,2025-01-01,S1,67.0,1.35,5.94,993.29,0.07
35,P001-L2-M3,2025-01-01,S2,69.3,1.2,6.1,1145.07,0.1
36,P001-L2-M3,2025-01-02,S3,69.5,1.46,5.99,1024.99,0.11
37,P001-L2-M3,2025-01-03,S1,69.1,1.43,6.19,1113.39,0.06
38,P001-L2-M3,2025-01-03,S2,70.1,1.6,5.95,1010.42,0.04
39,P001-L2-M3,2025-01-03,S3,72.6,1.06,5.64,1009.18,0.03
40,P001-L3-M1,2025-01-01,S1,65.2,1.29,5.98,1151.5,0.07
41,P001-L3-M1,2025-01-01,S2,66.6,1.16,6.48,1153.27,0.08
42,P001-L3-M1,2025-01-01,S3,70.4,0.86,6.16,1071.52,0.01
43,P001-L3-M1,2025-01-02,S2,66.1,0.85,6.18,1155.68,0.11
44,P001-L3-M1,2025-01-03,S1,65.0,1.15,5.88,1161.35,0.01
45,P001-L3-M1,2025-01-03,S2,64.2,1.03,6.23,1124.21,0.07
46,P001-L3-M1,2025-01-03,S3,68.5,0.87,6.12,1099.4,0.0
47,P001-L3-M2,2025-01-01,S1,68.2,1.57,6.04,973.87,0.11
48,P001-L3-M2,2025-01-01,S2,69.3,1.53,6.33,1029.51,0.04
49,P001-L3-M2,2025-01-01,S3,70.7,1.73,6.06,1023.63,0.02
50,P001-L3-M2,2025-01-02,S1,68.1,1.36,6.03,923.07,0.03
51,P001-L3-M2,2025-01-02,S2,67.8,1.46,6.06,981.33,0.11
52,P001-L3-M2,2025-01-02,S3,73.7,1.63,6.12,972.3,0.02
53,P001-L3-M2,2025-01-03,S1,71.5,1.47,6.24,1001.49,0.12
54,P001-L3-M2,2025-01-03,S2,70.5,1.64,6.01,957.63,0.0
55,P001-L3-M3,2025-01-01,S1,69.9,1.34,6.04,507.76,0.08
56,P001-L3-M3,2025-01-01,S2,70.0,1.28,6.09,530.22,0.05
57,P001-L3-M3,2025-01-01,S3,70.9,1.58,5.96,480.83,0.05
58,P001-L3-M3,2025-01-02,S1,69.8,1.01,6.07,546.92,0.04
59,P001-L3-M3,2025-01-02,S2,67.8,1.47,6.08,510.98,0.06
60,P001-L3-M3,2025-01-03,S3,70.9,1.52,5.85,536.37,0.06
61,P001-L4-M1,2025-01-01,S1,71.0,1.84,5.68,777.43,0.05
62,P001-L4-M1,2025-01-01,S2,70.3,1.53,5.81,817.74,0.11
63,P001-L4-M1,2025-01-01,S3,72.3,1.71,5.88,687.59,0.03
64,P001-L4-M1,2025-01-02,S2,71.8,1.83,5.9,844.4,0.12
65,P001-L4-M1,2025-01-02,S3,71.8,1.85,5.78,777.22,0.01
66,P001-L4-M1,2025-01-03,S1,72.2,1.88,6.4,807.88,0.06
67,P001-L4-M1,2025-01-03,S2,70.6,1.67,6.23,810.07,0.08
68,P001-L4-M2,2025-01-01,S1,67.0,0.98,6.12,750.52,0.12
69,P001-L4-M2,2025-01-01,S2,64.3,0.94,5.88,720.96,0.04
70,P001-L4-M2,2025-01-02,S1,67.0,1.19,5.99,706.16,0.11
71,P001-L4-M2,2025-01-02,S3,69.7,0.96,6.15,665.05,0.04
72,P001-L4-M2,2025-01-03,S2,65.7,1.22,6.39,722.25,0.1
73,P001-L4-M2,2025-01-03,S3,70.1,1.0,6.38,768.84,0.03
74,P001-L4-M3,2025-01-01,S1,70.1,1.5,6.31,975.54,0.02
75,P001-L4-M3,2025-01-01,S2,70.1,1.55,6.07,939.66,0.07
76,P001-L4-M3,2025-01-03,S1,71.2,1.63,5.87,924.61,0.1
77,P001-L4-M3,2025-01-03,S2,71.5,1.63,5.78,868.56,0.0
78,P001-L4-M3,2025-01-03,S3,82.9,2.54,6.43,1015.51,0.8
79,P001-L5-M1,2025-01-01,S1,68.3,1.5,6.01,493.59,0.08
80,P001-L5-M1,2025-01-01,S2,66.6,1.65,6.03,533.25,0.07
81,P001-L5-M1,2025-01-01,S3,69.6,1.48,5.89,484.53,0.07
82,P001-L5-M1,2025-01-02,S1,69.3,1.66,5.84,536.91,0.1
83,P001-L5-M1,2025-01-02,S3,72.6,1.16,5.81,489.95,0.03
84,P001-L5-M1,2025-01-03,S2,68.2,1.55,5.63,502.62,0.08
85,P001-L5-M1,2025-01-03,S3,70.6,1.36,6.04,483.97,0.1
86,P001-L5-M2,2025-01-01,S1,79.8,2.26,7.14,1096.64,0.66
87,P001-L5-M2,2025-01-01,S2,75.7,2.24,6.95,947.2,0.92
88,P001-L5-M2,2025-01-01,S3,76.6,2.79,7.67,1052.18,0.71
89,P001-L5-M2,2025-01-02,S1,74.9,2.4,6.48,1078.99,0.87
90,P001-L5-M2,2025-01-02,S2,69.0,1.02,6.28,842.99,0.07
91,P001-L5-M2,2025-01-02,S3,71.2,1.04,6.1,879.99,0.09
92,P001-L5-M2,2025-01-03,S3,83.9,2.38,7.42,1001.57,0.67
93,P001-L5-M3,2025-01-01,S1,69.8,1.2,6.22,483.28,0.04
94,P001-L5-M3,2025-01-01,S3,71.9,1.56,6.07,483.81,0.05
95,P001-L5-M3,2025-01-02,S2,68.8,1.47,5.77,510.64,0.01
96,P001-L5-M3,2025-01-03,S3,74.8,1.32,6.08,469.7,0.08
97,P002-L1-M1,2025-01-01,S2,69.1,1.24,5.87,958.0,0.12
98,P002-L1-M1,2025-01-01,S3,69.6,1.13,6.23,903.21,0.1
99,P002-L1-M1,2025-01-02,S2,67.9,1.23,5.98,985.91,0.1
100,P002-L1-M1,2025-01-02,S3,68.1,1.17,5.99,915.34,0.08
101,P002-L1-M1,2025-01-03,S1,67.6,1.39,6.01,947.04,0.06
102,P002-L1-M1,2025-01-03,S2,69.1,1.33,5.64,924.08,0.03
103,P002-L1-M2,2025-01-01,S2,66.8,1.02,5.85,1023.85,0.06
104,P002-L1-M2,2025-01-01,S3,70.4,1.52,5.75,985.03,0.07
105,P002-L1-M2,2025-01-02,S1,68.3,1.34,5.7,1143.94,0.06
106,P002-L1-M2,2025-01-03,S1,68.0,1.51,6.38,1134.24,0.03
107,P002-L1-M2,2025-01-03,S2,65.8,1.54,5.92,1053.55,0.02
108,P002-L1-M2,2025-01-03,S3,70.2,1.18,5.66,1062.49,0.01
109,P002-L1-M3,2025-01-01,S1,72.6,1.62,5.85,729.84,0.07
110,P002-L1-M3,2025-01-01,S2,70.2,1.66,5.66,707.82,0.11
111,P002-L1-M3,2025-01-01,S3,73.2,1.5,5.89,721.43,0.0
112,P002-L1-M3,2025-01-02,S2,71.6,1.53,6.19,748.29,0.04
113,P002-L1-M3,2025-01-02,S3,72.6,1.9,6.12,725.79,0.03
114,P002-L1-M3,2025-01-03,S2,71.8,1.48,5.84,761.27,0.08
115,P002-L2-M1,2025-01-01,S1,75.4,2.71,6.4,655.25,0.9
116,P002-L2-M1,2025-01-01,S2,82.3,3.22,7.02,654.24,0.68
117,P002-L2-M1,2025-01-01,S3,87.8,3.01,6.57,591.24,0.93
118,P002-L2-M1,2025-01-02,S1,67.7,1.29,6.05,537.26,0.11
119,P002-L2-M1,2025-01-02,S2,71.7,1.29,5.94,502.82,0.06
120,P002-L2-M1,2025-01-02,S3,72.1,1.39,6.06,525.18,0.01
121,P002-L2-M1,2025-01-03,S1,69.7,1.43,5.99,521.33,0.04
122,P002-L2-M1,2025-01-03,S2,70.1,1.37,6.11,524.97,0.04
123,P002-L2-M1,2025-01-03,S3,70.8,1.53,5.64,582.21,0.1
124,P002-L2-M2,2025-01-01,S1,71.2,1.69,6.11,947.33,0.01
125,P002-L2-M2,2025-01-01,S2,67.8,1.7,6.09,966.56,0.08
126,P002-L2-M2,2025-01-02,S1,70.2,1.34,5.98,995.22,0.03
127,P002-L2-M2,2025-01-03,S1,71.7,1.33,6.25,971.74,0.11
128,P002-L2-M2,2025-01-03,S3,70.9,1.79,5.81,972.29,0.04
129,P002-L2-M3,2025-01-01,S1,72.6,1.56,5.86,537.48,0.12
130,P002-L2-M3,2025-01-01,S2,68.9,1.44,6.13,530.51,0.07
131,P002-L2-M3,2025-01-01,S3,87.2,3.36,6.68,581.1,0.7
132,P002-L2-M3,2025-01-02,S3,74.2,1.74,5.74,514.15,0.09
133,P002-L2-M3,2025-01-03,S2,72.3,1.43,5.71,552.99,0.0
134,P002-L2-M3,2025-01-03,S3,73.7,1.43,6.04,521.66,0.04
135,P002-L3-M1,2025-01-01,S1,68.8,1.16,6.12,686.86,0.02
136,P002-L3-M1,2025-01-01,S2,67.2,1.19,5.95,650.87,0.01
137,P002-L3-M1,2025-01-01,S3,68.7,1.09,6.05,596.53,0.03
138,P002-L3-M1,2025-01-02,S2,66.6,1.46,6.2,623.4,0.11
139,P002-L3-M1,2025-01-02,S3,69.9,1.47,5.91,577.17,0.07
140,P002-L3-M1,2025-01-03,S1,66.9,1.28,5.98,642.14,0.02
141,P002-L3-M1,2025-01-03,S2,67.5,1.27,6.18,605.52,0.1
142,P002-L3-M2,2025-01-01,S2,68.6,1.14,5.88,623.31,0.0
143,P002-L3-M2,2025-01-02,S1,76.5,2.31,6.35,693.65,0.78
144,P002-L3-M2,2025-01-02,S2,69.1,1.13,5.88,599.08,0.07
145,P002-L3-M2,2025-01-02,S3,72.3,1.3,6.22,553.88,0.07
146,P002-L3-M2,2025-01-03,S1,67.1,1.11,6.15,612.95,0.06
147,P002-L3-M3,2025-01-01,S1,68.1,1.66,6.22,846.88,0.06
148,P002-L3-M3,2025-01-01,S3,73.7,1.67,5.6,746.33,0.0
149,P002-L3-M3,2025-01-02,S1,68.0,1.77,5.88,825.04,0.06
150,P002-L3-M3,2025-01-02,S2,71.0,1.65,6.1,800.27,0.1
151,P002-L3-M3,2025-01-02,S3,73.6,1.35,6.14,756.46,0.05
152,P002-L3-M3,2025-01-03,S1,69.1,1.46,6.15,804.19,0.08
153,P002-L3-M3,2025-01-03,S2,68.3,1.36,5.92,771.29,0.02
154,P002-L3-M3,2025-01-03,S3,71.4,1.45,6.08,742.17,0.06
155,P002-L4-M1,2025-01-02,S1,65.9,1.26,6.33,763.32,0.03
156,P002-L4-M1,2025-01-02,S2,67.3,1.35,6.15,797.2,0.04
157,P002-L4-M1,2025-01-02,S3,71.6,1.14,6.07,750.54,0.1
158,P002-L4-M1,2025-01-03,S1,69.3,1.59,5.9,819.15,0.09
159,P002-L4-M1,2025-01-03,S2,68.0,1.5,6.12,794.77,0.03
160,P002-L4-M1,2025-01-03,S3,72.6,1.5,6.09,774.46,0.08
161,P002-L4-M2,2025-01-01,S1,67.2,1.51,6.05,485.9,0.04
162,P002-L4-M2,2025-01-02,S1,67.4,1.31,5.58,422.57,0.02
163,P002-L4-M2,2025-01-02,S2,68.8,1.63,5.73,463.21,0.1
164,P002-L4-M2,2025-01-02,S3,70.4,1.51,6.02,425.2,0.03
165,P002-L4-M2,2025-01-03,S1,67.4,1.56,6.02,457.99,0.12
166,P002-L4-M2,2025-01-03,S2,68.3,1.41,5.89,450.77,0.06
167,P002-L4-M2,2025-01-03,S3,70.2,1.18,6.14,423.95,0.09
168,P002-L4-M3,2025-01-01,S2,67.8,1.45,6.27,880.77,0.04
169,P002-L4-M3,2025-01-01,S3,73.0,1.76,5.68,856.16,0.03
170,P002-L4-M3,2025-01-02,S1,69.8,1.41,6.3,872.5,0.08
171,P002-L4-M3,2025-01-02,S2,71.2,1.59,6.22,921.73,0.07
172,P002-L4-M3,2025-01-03,S1,71.1,1.34,6.04,945.09,0.06
173,P002-L4-M3,2025-01-03,S2,71.0,1.58,6.23,846.47,0.11
174,P002-L4-M3,2025-01-03,S3,74.8,1.5,6.12,943.38,0.04
175,P002-L5-M1,2025-01-01,S1,70.4,1.69,6.0,478.54,0.01
176,P002-L5-M1,2025-01-01,S3,73.1,1.29,5.98,467.72,0.07
177,P002-L5-M1,2025-01-02,S3,74.0,1.31,5.79,485.32,0.01
178,P002-L5-M1,2025-01-03,S1,69.6,1.59,5.88,504.98,0.1
179,P002-L5-M1,2025-01-03,S2,67.7,1.24,6.26,507.81,0.03
180,P002-L5-M1,2025-01-03,S3,73.4,1.62,5.97,487.19,0.08
181,P002-L5-M2,2025-01-01,S1,68.5,1.39,6.38,726.72,0.04
182,P002-L5-M2,2025-01-01,S2,68.3,1.51,5.65,669.46,0.05
183,P002-L5-M2,2025-01-02,S1,68.5,1.39,5.87,708.61,0.05
184,P002-L5-M2,2025-01-02,S2,67.7,1.42,6.14,679.94,0.02
185,P002-L5-M2,2025-01-02,S3,71.0,1.55,6.03,627.47,0.09
186,P002-L5-M2,2025-01-03,S1,70.5,1.55,6.44,675.54,0.02
187,P002-L5-M2,2025-01-03,S2,70.2,1.24,5.96,699.23,0.02
188,P002-L5-M2,2025-01-03,S3,72.4,1.25,6.04,651.77,0.01
189,P002-L5-M3,2025-01-01,S1,69.5,1.22,5.98,542.43,0.06
190,P002-L5-M3,2025-01-01,S2,69.7,1.3,6.07,531.39,0.07
191,P002-L5-M3,2025-01-01,S3,69.0,1.03,6.0,537.83,0.07
192,P002-L5-M3,2025-01-02,S1,69.5,1.48,6.33,577.45,0.03
193,P002-L5-M3,2025-01-02,S2,67.9,1.24,6.3,573.93,0.03
194,P002-L5-M3,2025-01-02,S3,70.6,1.31,6.03,557.04,0.02
195,P002-L5-M3,2025-01-03,S1,70.0,1.1,5.97,534.45,0.02
196,P002-L5-M3,2025-01-03,S2,66.5,1.01,6.16,539.39,0.01
197,P002-L5-M3,2025-01-03,S3,71.6,1.12,5.9,549.46,0.03
198,P003-L1-M1,2025-01-01,S1,65.6,1.34,6.16,820.7,0.09
199,P003-L1-M1,2025-01-01,S3,69.7,1.36,5.96,767.23,0.03
200,P003-L1-M1,2025-01-02,S1,68.3,1.49,6.06,814.98,0.12
201,P003-L1-M1,2025-01-02,S3,69.5,1.27,5.73,701.5,0.09
202,P003-L1-M1,2025-01-03,S1,65.2,1.1,6.06,850.5,0.02
203,P003-L1-M1,2025-01-03,S2,69.1,0.91,6.14,773.38,0.05
204,P003-L1-M1,2025-01-03,S3,71.8,1.1,6.16,779.54,0.1
205,P003-L1-M2,2025-01-01,S1,70.2,1.51,6.16,496.1,0.0
206,P003-L1-M2,2025-01-01,S2,68.1,1.26,5.78,515.13,0.01
207,P003-L1-M2,2025-01-01,S3,70.6,1.29,6.12,496.62,0.08
208,P003-L1-M2,2025-01-02,S1,68.0,1.14,6.11,478.07,0.11
209,P003-L1-M2,2025-01-02,S2,70.6,1.63,5.87,509.57,0.01
210,P003-L1-M2,2025-01-02,S3,72.6,1.56,5.68,474.93,0.03
211,P003-L1-M2,2025-01-03,S2,69.2,1.67,5.75,510.41,0.06
212,P003-L1-M3,2025-01-01,S1,69.2,1.78,6.04,811.55,0.06
213,P003-L1-M3,2025-01-01,S3,72.3,1.63,6.27,872.68,0.09
214,P003-L1-M3,2025-01-02,S1,68.8,1.39,6.24,887.77,0.06
215,P003-L1-M3,2025-01-02,S2,69.2,1.52,5.93,852.65,0.1
216,P003-L1-M3,2025-01-02,S3,74.7,1.37,5.89,812.73,0.07
217,P003-L1-M3,2025-01-03,S2,67.9,1.59,6.45,874.45,0.07
218,P003-L2-M1,2025-01-01,S1,68.6,1.24,5.74,579.61,0.1
219,P003-L2-M1,2025-01-01,S2,66.5,0.97,6.24,542.51,0.03
220,P003-L2-M1,2025-01-01,S3,72.1,1.42,6.33,576.42,0.11
221,P003-L2-M1,2025-01-02,S1,69.0,0.96,5.99,536.91,0.11
222,P003-L2-M1,2025-01-02,S3,71.3,0.96,5.87,559.12,0.08
223,P003-L2-M1,2025-01-03,S1,67.5,1.43,5.55,590.1,0.07
224,P003-L2-M1,2025-01-03,S2,66.1,1.34,6.23,550.31,0.07
225,P003-L2-M1,2025-01-03,S3,68.3,1.06,6.19,542.26,0.09
226,P003-L2-M2,2025-01-01,S3,74.7,1.53,6.23,696.88,0.08
227,P003-L2-M2,2025-01-02,S1,68.6,1.66,5.64,701.65,0.08
228,P003-L2-M2,2025-01-02,S2,72.1,1.88,6.14,720.56,0.1
229,P003-L2-M2,2025-01-02,S3,75.0,1.53,6.22,652.62,0.03
230,P003-L2-M2,2025-01-03,S1,71.8,1.75,6.0,649.87,0.07
231,P003-L2-M2,2025-01-03,S2,70.0,1.36,5.87,711.48,0.08
232,P003-L2-M3,2025-01-01,S1,75.8,3.14,7.28,1095.2,0.83
233,P003-L2-M3,2025-01-01,S3,83.2,2.32,6.53,946.5,0.89
234,P003-L2-M3,2025-01-02,S1,68.1,1.34,5.81,927.61,0.02
235,P003-L2-M3,2025-01-02,S2,70.0,1.44,6.39,963.56,0.02
236,P003-L2-M3,2025-01-03,S1,79.3,2.7,7.73,1071.6,0.86
237,P003-L2-M3,2025-01-03,S2,84.4,3.07,6.88,1018.8,0.69
238,P003-L2-M3,2025-01-03,S3,81.2,2.55,7.13,1006.13,0.9
239,P003-L3-M1,2025-01-01,S1,69.2,1.16,5.85,716.47,0.05
240,P003-L3-M1,2025-01-01,S2,68.6,1.59,5.96,737.63,0.01
241,P003-L3-M1,2025-01-02,S1,66.8,1.5,6.12,730.26,0.03
242,P003-L3-M1,2025-01-02,S2,67.8,1.4,6.16,704.45,0.1
243,P003-L3-M1,2025-01-03,S1,66.8,1.56,5.91,778.0,0.06
244,P003-L3-M1,2025-01-03,S3,72.1,1.36,6.08,719.51,0.07
245,P003-L3-M2,2025-01-01,S1,66.0,1.26,6.03,794.21,0.11
246,P003-L3-M2,2025-01-01,S2,69.1,1.26,5.9,817.51,0.11
247,P003-L3-M2,2025-01-01,S3,70.5,1.07,6.18,833.02,0.08
248,P003-L3-M2,2025-01-02,S1,69.5,1.22,6.17,780.29,0.11
249,P003-L3-M2,2025-01-02,S2,69.3,1.43,5.94,804.98,0.07
250,P003-L3-M2,2025-01-03,S1,66.9,1.18,6.17,810.95,0.1
251,P003-L3-M2,2025-01-03,S3,68.9,1.16,6.13,731.94,0.07
252,P003-L3-M3,2025-01-01,S2,67.1,1.0,5.81,492.54,0.02
253,P003-L3-M3,2025-01-01,S3,69.3,1.01,5.93,487.05,0.04
254,P003-L3-M3,2025-01-02,S1,66.4,0.88,5.73,470.32,0.07
255,P003-L3-M3,2025-01-02,S2,66.4,0.74,5.95,496.04,0.09
256,P003-L3-M3,2025-01-02,S3,69.9,0.94,6.41,424.47,0.02
257,P003-L3-M3,2025-01-03,S2,64.6,1.28,6.02,452.52,0.07
258,P003-L3-M3,2025-01-03,S3,70.0,0.74,6.16,504.51,0.0
259,P003-L4-M1,2025-01-01,S1,69.1,1.4,5.62,1045.46,0.09
260,P003-L4-M1,2025-01-01,S3,72.1,1.42,5.95,1069.41,0.02
261,P003-L4-M1,2025-01-02,S2,68.2,1.22,6.21,1066.86,0.1
262,P003-L4-M1,2025-01-03,S1,66.4,1.06,6.04,1046.44,0.12
263,P003-L4-M2,2025-01-01,S1,66.5,1.45,6.36,448.53,0.09
264,P003-L4-M2,2025-01-01,S2,66.1,1.2,6.04,481.12,0.03
265,P003-L4-M2,2025-01-02,S1,78.5,2.79,6.93,518.88,0.81
266,P003-L4-M2,2025-01-02,S2,69.4,1.37,5.81,487.25,0.11
267,P003-L4-M2,2025-01-02,S3,70.1,1.19,6.43,477.76,0.07
268,P003-L4-M2,2025-01-03,S2,69.5,1.55,5.6,508.23,0.1
269,P003-L4-M2,2025-01-03,S3,72.4,1.08,5.82,480.27,0.02
270,P003-L4-M3,2025-01-01,S1,68.1,1.29,5.97,951.8,0.0
271,P003-L4-M3,2025-01-01,S2,65.4,0.92,5.87,891.62,0.09
272,P003-L4-M3,2025-01-01,S3,68.8,1.11,6.02,863.02,0.11
273,P003-L4-M3,2025-01-02,S1,65.6,1.11,6.28,905.89,0.03
274,P003-L4-M3,2025-01-02,S2,65.6,0.85,6.16,883.54,0.05
275,P003-L4-M3,2025-01-02,S3,67.4,1.26,5.89,861.61,0.04
276,P003-L4-M3,2025-01-03,S3,68.9,1.18,5.85,863.45,0.1
277,P003-L5-M1,2025-01-01,S2,66.0,1.24,6.27,831.01,0.01
278,P003-L5-M1,2025-01-01,S3,71.0,1.39,6.04,746.13,0.07
279,P003-L5-M1,2025-01-03,S1,66.6,0.96,5.91,778.54,0.09
280,P003-L5-M1,2025-01-03,S3,70.7,1.29,5.92,684.86,0.04
281,P003-L5-M2,2025-01-01,S2,69.9,1.41,5.8,737.78,0.11
282,P003-L5-M2,2025-01-01,S3,72.4,1.51,5.91,675.31,0.1
283,P003-L5-M2,2025-01-02,S1,71.2,1.73,5.67,753.69,0.1
284,P003-L5-M2,2025-01-02,S3,75.5,1.49,5.68,742.93,0.05
285,P003-L5-M2,2025-01-03,S1,68.6,1.72,5.7,685.27,0.09
286,P003-L5-M2,2025-01-03,S2,72.0,1.4,5.53,684.65,0.0
287,P003-L5-M2,2025-01-03,S3,72.0,1.43,6.06,678.6,0.04
288,P003-L5-M3,2025-01-01,S1,82.0,3.04,6.68,886.45,0.86
289,P003-L5-M3,2025-01-01,S2,84.3,3.1,7.37,1017.84,0.81
290,P003-L5-M3,2025-01-01,S3,79.8,2.99,7.11,909.47,0.66
291,P003-L5-M3,2025-01-02,S1,71.0,1.17,6.12,734.64,0.07
292,P003-L5-M3,2025-01-02,S2,70.8,1.64,6.08,825.78,0.05
293,P003-L5-M3,2025-01-02,S3,72.0,1.57,5.86,775.49,0.09
294,P003-L5-M3,2025-01-03,S1,68.7,1.21,6.47,761.03,0.07
295,P003-L5-M3,2025-01-03,S2,67.6,1.17,6.0,823.29,0.03
296,P003-L5-M3,2025-01-03,S3,71.8,1.16,6.14,750.96,0.01
297,P004-L1-M1,2025-01-01,S1,64.8,1.04,5.92,1084.56,0.03
298,P004-L1-M1,2025-01-01,S3,67.1,1.02,6.3,951.72,0.01
299,P004-L1-M1,2025-01-02,S1,68.1,1.0,5.97,1099.7,0.1
300,P004-L1-M1,2025-01-02,S2,64.6,0.96,5.61,1084.44,0.01
301,P004-L1-M1,2025-01-02,S3,68.2,1.14,5.67,973.25,0.03
302,P004-L1-M1,2025-01-03,S1,68.2,1.16,5.83,1027.76,0.06
303,P004-L1-M2,2025-01-01,S2,81.6,2.46,6.85,1288.87,0.82
304,P004-L1-M2,2025-01-01,S3,84.6,2.41,6.52,1345.34,0.8
305,P004-L1-M2,2025-01-02,S2,67.0,1.56,5.76,1064.64,0.07
306,P004-L1-M2,2025-01-02,S3,72.3,1.46,5.58,1115.28,0.09
307,P004-L1-M2,2025-01-03,S1,68.1,1.39,5.93,1078.79,0.06
308,P004-L1-M2,2025-01-03,S2,67.1,1.2,5.66,995.91,0.11
309,P004-L1-M2,2025-01-03,S3,70.1,1.56,6.05,1083.82,0.01
310,P004-L1-M3,2025-01-01,S1,72.5,1.81,6.13,868.65,0.07
311,P004-L1-M3,2025-01-01,S2,70.8,1.56,6.27,974.86,0.1
312,P004-L1-M3,2025-01-02,S1,72.7,1.38,5.75,846.28,0.0
313,P004-L1-M3,2025-01-02,S2,71.0,1.42,5.68,945.25,0.02
314,P004-L1-M3,2025-01-02,S3,72.3,1.35,6.14,868.72,0.08
315,P004-L1-M3,2025-01-03,S1,70.1,1.42,6.01,952.29,0.08
316,P004-L1-M3,2025-01-03,S2,84.3,2.87,6.8,1042.46,0.97
317,P004-L1-M3,2025-01-03,S3,74.6,1.53,5.66,909.95,0.03
318,P004-L2-M1,2025-01-01,S2,68.2,1.44,5.99,483.84,0.06
319,P004-L2-M1,2025-01-01,S3,70.0,1.26,5.94,492.5,0.09
320,P004-L2-M1,2025-01-02,S1,69.0,1.26,6.36,531.25,0.1
321,P004-L2-M1,2025-01-02,S2,70.0,1.6,5.85,499.92,0.01
322,P004-L2-M1,2025-01-02,S3,70.3,1.53,6.13,463.02,0.04
323,P004-L2-M1,2025-01-03,S1,70.6,1.37,6.23,496.76,0.04
324,P004-L2-M1,2025-01-03,S2,68.0,1.4,5.77,492.54,0.02
325,P004-L2-M2,2025-01-01,S1,64.6,0.71,5.78,533.24,0.04
326,P004-L2-M2,2025-01-01,S3,68.1,0.82,5.89,537.71,0.02
327,P004-L2-M2,2025-01-02,S1,66.6,0.76,6.02,562.25,0.06
328,P004-L2-M2,2025-01-02,S2,63.0,1.23,6.09,568.97,0.0
329,P004-L2-M2,2025-01-02,S3,70.4,1.27,5.99,560.61,0.03
330,P004-L2-M2,2025-01-03,S2,66.6,1.2,5.9,561.41,0.09
331,P004-L2-M2,2025-01-03,S3,69.1,0.94,5.81,508.14,0.05
332,P004-L2-M3,2025-01-01,S1,67.9,1.36,5.87,776.23,0.11
333,P004-L2-M3,2025-01-01,S2,67.3,1.24,6.09,895.55,0.05
334,P004-L2-M3,2025-01-01,S3,70.8,1.21,5.78,771.64,0.01
335,P004-L2-M3,2025-01-02,S1,73.7,2.13,7.26,936.98,0.77
336,P004-L2-M3,2025-01-03,S1,65.7,1.35,6.21,872.89,0.02
337,P004-L2-M3,2025-01-03,S2,65.3,1.48,6.0,820.03,0.07
338,P004-L2-M3,2025-01-03,S3,71.9,1.3,5.9,816.69,0.0
339,P004-L3-M1,2025-01-01,S1,69.2,1.21,5.6,1109.24,0.1
340,P004-L3-M1,2025-01-01,S2,70.1,1.44,6.05,1064.55,0.1
341,P004-L3-M1,2025-01-01,S3,70.5,1.46,5.56,1136.05,0.04
342,P004-L3-M1,2025-01-02,S1,68.5,1.67,6.39,1092.47,0.11
343,P004-L3-M1,2025-01-02,S3,72.7,1.37,6.21,1069.51,0.09
344,P004-L3-M1,2025-01-03,S1,67.9,1.34,5.69,1137.21,0.05
345,P004-L3-M1,2025-01-03,S2,70.5,1.6,5.88,1055.0,0.04
346,P004-L3-M1,2025-01-03,S3,73.6,1.63,5.68,1057.6,0.05
347,P004-L3-M2,2025-01-01,S1,72.1,1.78,6.05,962.93,0.04
348,P004-L3-M2,2025-01-01,S3,73.7,1.52,6.04,931.31,0.08
349,P004-L3-M2,2025-01-02,S2,80.8,2.67,6.96,1249.06,0.69
350,P004-L3-M2,2025-01-02,S3,82.2,2.48,6.5,1177.11,0.76
351,P004-L3-M2,2025-01-03,S1,70.1,1.55,6.04,1088.73,0.05
352,P004-L3-M2,2025-01-03,S2,72.1,1.41,5.97,959.84,0.05
353,P004-L3-M2,2025-01-03,S3,74.5,1.71,6.21,1021.85,0.03
354,P004-L3-M3,2025-01-01,S1,63.0,1.24,5.79,1101.99,0.09
355,P004-L3-M3,2025-01-01,S2,63.1,1.15,6.12,1083.54,0.12
356,P004-L3-M3,2025-01-01,S3,66.1,1.15,5.85,1009.05,0.07
357,P004-L3-M3,2025-01-02,S2,65.3,1.06,6.02,1003.35,0.11
358,P004-L3-M3,2025-01-02,S3,69.0,0.89,5.92,975.66,0.08
359,P004-L3-M3,2025-01-03,S1,64.3,0.78,6.04,1002.89,0.11
360,P004-L3-M3,2025-01-03,S2,63.1,1.28,6.33,1027.87,0.11
361,P004-L3-M3,2025-01-03,S3,66.2,1.22,5.8,1035.99,0.04
362,P004-L4-M1,2025-01-01,S1,64.4,1.1,5.7,981.81,0.06
363,P004-L4-M1,2025-01-01,S2,74.4,2.57,7.51,1051.27,0.91
364,P004-L4-M1,2025-01-02,S1,67.0,0.97,5.97,1020.6,0.0
365,P004-L4-M1,2025-01-02,S2,67.1,1.29,6.16,1016.98,0.09
366,P004-L4-M1,2025-01-02,S3,69.2,1.09,5.63,957.75,0.04
367,P004-L4-M1,2025-01-03,S1,67.3,1.0,6.06,967.13,0.11
368,P004-L4-M1,2025-01-03,S2,68.1,1.16,6.09,919.4,0.01
369,P004-L4-M1,2025-01-03,S3,67.3,1.11,6.16,924.45,0.01
370,P004-L4-M2,2025-01-01,S1,67.4,1.64,5.78,909.59,0.05
371,P004-L4-M2,2025-01-01,S2,70.8,1.61,6.0,906.72,0.06
372,P004-L4-M2,2025-01-01,S3,69.7,1.59,5.9,857.25,0.03
373,P004-L4-M2,2025-01-02,S1,70.2,1.28,6.02,873.63,0.02
374,P004-L4-M2,2025-01-02,S2,66.9,1.1,5.96,965.54,0.02
375,P004-L4-M2,2025-01-02,S3,70.1,1.28,5.66,823.39,0.12
376,P004-L4-M2,2025-01-03,S1,69.3,1.39,6.12,944.86,0.09
377,P004-L4-M2,2025-01-03,S2,66.8,1.43,6.1,946.51,0.02
378,P004-L4-M3,2025-01-01,S1,67.5,1.77,5.82,686.9,0.07
379,P004-L4-M3,2025-01-01,S2,69.8,1.52,6.05,651.0,0.03
380,P004-L4-M3,2025-01-01,S3,73.9,1.24,6.05,660.62,0.04
381,P004-L4-M3,2025-01-02,S1,70.9,1.42,5.55,653.1,0.03
382,P004-L4-M3,2025-01-02,S2,70.6,1.65,6.16,615.17,0.09
383,P004-L4-M3,2025-01-02,S3,73.5,1.55,5.98,620.69,0.1
384,P004-L4-M3,2025-01-03,S1,69.8,1.28,6.09,622.39,0.03
385,P004-L4-M3,2025-01-03,S2,71.6,1.66,6.3,640.15,0.03
386,P004-L4-M3,2025-01-03,S3,71.2,1.6,5.78,608.77,0.11
387,P004-L5-M1,2025-01-01,S1,66.9,1.08,6.08,728.73,0.07
388,P004-L5-M1,2025-01-01,S2,69.6,1.42,5.75,681.84,0.11
389,P004-L5-M1,2025-01-02,S1,66.9,1.17,6.2,716.46,0.06
390,P004-L5-M1,2025-01-02,S2,80.4,2.82,7.34,835.66,0.75
391,P004-L5-M1,2025-01-02,S3,69.6,1.58,6.37,756.78,0.02
392,P004-L5-M1,2025-01-03,S1,67.8,1.22,6.09,676.32,0.11
393,P004-L5-M1,2025-01-03,S2,69.3,1.08,6.01,714.81,0.04
394,P004-L5-M1,2025-01-03,S3,70.4,1.55,5.71,707.42,0.1
395,P004-L5-M2,2025-01-01,S2,68.9,1.29,6.27,707.86,0.1
396,P004-L5-M2,2025-01-01,S3,73.0,1.14,6.26,669.55,0.03
397,P004-L5-M2,2025-01-02,S1,67.8,1.57,6.28,717.38,0.01
398,P004-L5-M2,2025-01-02,S2,67.1,1.41,6.29,699.52,0.08
399,P004-L5-M2,2025-01-02,S3,79.0,2.8,7.16,804.64,0.86
400,P004-L5-M3,2025-01-01,S1,69.3,1.6,5.83,797.04,0.0
401,P004-L5-M3,2025-01-01,S3,72.0,1.5,6.12,746.03,0.07
402,P004-L5-M3,2025-01-02,S1,69.6,1.3,5.98,753.35,0.05
403,P004-L5-M3,2025-01-02,S2,69.0,1.68,5.95,735.4,0.07
404,P004-L5-M3,2025-01-02,S3,72.1,1.36,5.89,744.05,0.05
405,P004-L5-M3,2025-01-03,S1,70.2,1.34,5.91,747.46,0.11
406,P001-L1-M1,2025-01-04,S2,65.6,1.18,5.85,569.39,0.08
407,P001-L1-M1,2025-01-04,S3,72.9,1.28,6.42,504.6,0.03
408,P001-L1-M1,2025-01-05,S1,69.3,1.22,6.04,563.65,0.02
409,P001-L1-M1,2025-01-06,S1,66.2,1.43,5.85,532.05,0.09
410,P001-L1-M1,2025-01-06,S3,68.8,1.59,5.91,540.67,0.09
411,P001-L1-M1,2025-01-07,S1,67.8,1.52,5.93,566.61,0.07
412,P001-L1-M1,2025-01-07,S2,67.0,1.09,6.25,507.61,0.08
413,P001-L1-M1,2025-01-07,S3,70.5,1.59,6.13,518.64,0.01
414,P001-L1-M1,2025-01-08,S1,69.6,1.35,5.81,541.47,0.07
415,P001-L1-M1,2025-01-08,S2,69.5,1.44,6.01,545.84,0.09
416,P001-L1-M1,2025-01-08,S3,69.6,1.36,6.26,534.9,0.11
417,P001-L1-M1,2025-01-09,S3,72.0,1.29,5.99,529.43,0.07
418,P001-L1-M1,2025-01-10,S2,69.4,1.52,5.75,571.89,0.01
419,P001-L1-M1,2025-01-10,S3,69.3,1.4,5.9,516.85,0.04
420,P001-L1-M2,2025-01-04,S2,80.7,3.38,6.88,1141.11,0.88
421,P001-L1-M2,2025-01-04,S3,89.1,2.86,6.77,1081.41,0.83
422,P001-L1-M2,2025-01-05,S1,71.1,1.88,5.58,911.24,0.05
423,P001-L1-M2,2025-01-05,S2,68.6,1.31,5.64,915.6,0.05
424,P001-L1-M2,2025-01-06,S1,72.3,1.54,6.11,920.25,0.11
425,P001-L1-M2,2025-01-06,S2,72.6,1.36,5.95,888.61,0.05
426,P001-L1-M2,2025-01-06,S3,72.8,1.35,6.03,835.64,0.03
427,P001-L1-M2,2025-01-07,S1,71.0,1.36,6.1,889.87,0.0
428,P001-L1-M2,2025-01-08,S1,71.0,1.58,6.29,940.15,0.05
429,P001-L1-M2,2025-01-08,S3,87.6,2.64,7.3,953.56,0.76
430,P001-L1-M2,2025-01-09,S2,70.6,1.37,5.81,887.15,0.08
431,P001-L1-M2,2025-01-09,S3,72.4,1.49,6.16,977.01,0.12
432,P001-L1-M2,2025-01-10,S1,71.3,1.61,5.91,918.2,0.0
433,P001-L1-M2,2025-01-10,S2,70.7,1.41,6.2,890.82,0.03
434,P001-L1-M3,2025-01-04,S1,69.8,1.57,6.14,701.46,0.01
435,P001-L1-M3,2025-01-05,S2,77.5,2.6,6.65,808.61,0.79
436,P001-L1-M3,2025-01-05,S3,78.3,2.93,7.72,745.1,0.91
437,P001-L1-M3,2025-01-06,S1,70.4,1.54,5.64,793.92,0.07
438,P001-L1-M3,2025-01-06,S2,71.0,1.36,5.84,730.48,0.09
439,P001-L1-M3,2025-01-06,S3,74.6,1.62,5.96,653.98,0.06
440,P001-L1-M3,2025-01-07,S1,71.6,1.45,6.06,790.39,0.02
441,P001-L1-M3,2025-01-07,S2,71.7,1.63,5.73,710.14,0.12
442,P001-L1-M3,2025-01-08,S1,72.6,1.76,6.27,784.73,0.1
443,P001-L1-M3,2025-01-08,S3,74.6,1.79,5.55,693.46,0.07
444,P001-L1-M3,2025-01-09,S1,71.4,1.88,6.1,729.0,0.08
445,P001-L1-M3,2025-01-09,S2,72.6,1.44,6.25,794.26,0.02
446,P001-L1-M3,2025-01-09,S3,72.9,1.7,5.82,701.07,0.1
447,P001-L1-M3,2025-01-10,S1,72.1,1.85,6.15,691.79,0.11
448,P001-L1-M3,2025-01-10,S2,69.1,1.8,6.35,731.59,0.04
449,P001-L1-M3,2025-01-10,S3,71.9,1.69,5.81,738.96,0.08
450,P001-L2-M1,2025-01-04,S1,63.9,0.71,6.25,668.0,0.09
451,P001-L2-M1,2025-01-04,S2,73.5,2.73,6.14,759.74,0.7
452,P001-L2-M1,2025-01-04,S3,66.3,0.91,5.92,674.69,0.07
453,P001-L2-M1,2025-01-05,S3,73.0,2.8,6.94,715.42,0.82
454,P001-L2-M1,2025-01-06,S1,65.9,1.18,6.18,630.25,0.04
455,P001-L2-M1,2025-01-07,S1,65.8,1.13,6.1,650.51,0.09
456,P001-L2-M1,2025-01-07,S2,67.0,0.75,5.88,651.1,0.08
457,P001-L2-M1,2025-01-08,S3,66.3,0.91,6.01,583.11,0.03
458,P001-L2-M1,2025-01-09,S3,66.0,0.94,5.62,597.0,0.04
459,P001-L2-M1,2025-01-10,S1,65.9,1.09,5.82,666.01,0.1
460,P001-L2-M1,2025-01-10,S3,66.7,1.04,5.69,652.63,0.09
461,P001-L2-M2,2025-01-04,S1,68.5,1.15,5.99,478.12,0.01
462,P001-L2-M2,2025-01-04,S2,65.2,0.95,5.98,529.61,0.05
463,P001-L2-M2,2025-01-04,S3,68.9,1.43,5.76,476.54,0.1
464,P001-L2-M2,2025-01-07,S1,66.0,1.12,6.01,534.29,0.09
465,P001-L2-M2,2025-01-07,S2,67.0,0.93,6.29,463.65,0.05
466,P001-L2-M2,2025-01-07,S3,71.9,1.19,5.95,468.18,0.01
467,P001-L2-M2,2025-01-08,S1,66.1,1.44,6.02,478.67,0.03
468,P001-L2-M2,2025-01-08,S3,69.1,1.32,5.94,466.88,0.05
469,P001-L2-M2,2025-01-09,S1,64.8,1.23,6.02,473.62,0.06
470,P001-L2-M2,2025-01-09,S2,67.4,1.17,5.93,497.82,0.11
471,P001-L2-M2,2025-01-09,S3,70.1,1.16,6.3,515.33,0.09
472,P001-L2-M2,2025-01-10,S1,65.0,1.17,5.87,476.55,0.09
473,P001-L2-M2,2025-01-10,S3,69.7,1.13,5.74,471.27,0.08
474,P001-L2-M3,2025-01-04,S1,66.3,1.42,5.87,1061.01,0.02
475,P001-L2-M3,2025-01-04,S2,70.0,1.46,5.89,1012.04,0.09
476,P001-L2-M3,2025-01-04,S3,69.3,1.0,6.09,1080.09,0.03
477,P001-L2-M3,2025-01-05,S2,78.4,2.35,6.66,1253.17,0.9
478,P001-L2-M3,2025-01-05,S3,79.5,2.99,6.93,1026.65,0.87
479,P001-L2-M3,2025-01-06,S2,67.7,1.07,5.92,1135.55,0.02
480,P001-L2-M3,2025-01-06,S3,68.8,1.51,5.91,1021.98,0.11
481,P001-L2-M3,2025-01-07,S1,79.9,2.23,7.43,1166.37,0.93
482,P001-L2-M3,2025-01-07,S3,71.5,1.51,5.7,1001.04,0.1
483,P001-L2-M3,2025-01-08,S1,69.5,1.48,6.05,1071.02,0.01
484,P001-L2-M3,2025-01-08,S2,66.7,1.42,6.1,1099.49,0.02
485,P001-L2-M3,2025-01-08,S3,69.0,1.15,6.25,971.8,0.02
486,P001-L2-M3,2025-01-09,S1,65.9,1.2,5.9,1064.64,0.01
487,P001-L2-M3,2025-01-09,S2,67.2,1.46,5.72,1003.73,0.06
488,P001-L2-M3,2025-01-09,S3,69.2,1.34,6.44,1037.75,0.11
489,P001-L2-M3,2025-01-10,S1,65.8,1.29,6.2,1028.74,0.01
490,P001-L2-M3,2025-01-10,S2,66.7,1.5,5.9,1066.18,0.04
491,P001-L2-M3,2025-01-10,S3,72.5,1.2,6.08,1044.36,0.08
492,P001-L3-M1,2025-01-04,S2,65.5,1.24,5.84,1047.74,0.06
493,P001-L3-M1,2025-01-06,S1,81.1,2.54,6.87,1229.46,0.68
494,P001-L3-M1,2025-01-06,S2,65.8,1.33,6.32,1186.52,0.06
495,P001-L3-M1,2025-01-07,S2,65.9,0.9,5.59,1051.89,0.08
496,P001-L3-M1,2025-01-07,S3,69.1,1.14,5.91,1184.85,0.01
497,P001-L3-M1,2025-01-08,S2,68.2,1.03,5.92,1048.68,0.08
498,P001-L3-M1,2025-01-08,S3,81.9,2.63,6.67,1332.25,0.92
499,P001-L3-M1,2025-01-09,S1,65.5,1.11,5.78,1138.69,0.11
500,P001-L3-M1,2025-01-09,S3,69.9,1.09,6.31,1125.31,0.03
501,P001-L3-M1,2025-01-10,S1,67.3,1.28,5.94,1133.29,0.08
502,P001-L3-M1,2025-01-10,S3,67.0,0.88,5.91,1061.69,0.1
503,P001-L3-M2,2025-01-04,S2,69.4,1.79,6.09,1045.23,0.11
504,P001-L3-M2,2025-01-04,S3,72.8,1.51,6.01,1020.59,0.0
505,P001-L3-M2,2025-01-06,S1,67.9,1.71,6.46,908.97,0.0
506,P001-L3-M2,2025-01-06,S3,71.5,1.22,5.76,1042.72,0.0
507,P001-L3-M2,2025-01-07,S1,68.7,1.35,6.13,977.97,0.08
508,P001-L3-M2,2025-01-07,S2,68.3,1.76,5.99,1013.83,0.06
509,P001-L3-M2,2025-01-07,S3,74.1,1.67,6.04,872.45,0.0
510,P001-L3-M2,2025-01-08,S1,67.5,1.52,5.8,933.01,0.1
511,P001-L3-M2,2025-01-08,S2,69.2,1.34,6.04,941.47,0.1
512,P001-L3-M2,2025-01-08,S3,71.0,1.31,6.18,1019.05,0.09
513,P001-L3-M2,2025-01-09,S1,80.2,2.63,6.75,1180.42,0.73
514,P001-L3-M2,2025-01-10,S1,69.1,1.5,5.9,913.7,0.09
515,P001-L3-M2,2025-01-10,S2,69.9,1.64,6.07,1009.95,0.05
516,P001-L3-M2,2025-01-10,S3,71.1,1.56,5.76,913.09,0.08
517,P001-L3-M3,2025-01-04,S2,79.6,3.03,6.32,578.67,0.66
518,P001-L3-M3,2025-01-05,S2,80.7,2.95,6.36,604.84,0.76
519,P001-L3-M3,2025-01-06,S1,73.2,2.15,7.43,619.18,0.83
520,P001-L3-M3,2025-01-06,S2,65.7,1.0,6.17,538.56,0.11
521,P001-L3-M3,2025-01-06,S3,71.6,1.01,6.07,541.66,0.02
522,P001-L3-M3,2025-01-07,S1,68.3,1.26,5.84,488.48,0.12
523,P001-L3-M3,2025-01-07,S2,67.6,1.37,6.12,504.48,0.1
524,P001-L3-M3,2025-01-07,S3,72.5,1.01,6.25,498.18,0.03
525,P001-L3-M3,2025-01-08,S1,68.8,1.17,5.97,524.51,0.09
526,P001-L3-M3,2025-01-08,S2,66.8,1.51,6.19,521.13,0.1
527,P001-L3-M3,2025-01-08,S3,70.7,1.03,6.16,515.85,0.12
528,P001-L3-M3,2025-01-09,S3,72.4,1.39,6.28,493.16,0.03
529,P001-L3-M3,2025-01-10,S1,67.3,1.36,6.12,513.37,0.04
530,P001-L3-M3,2025-01-10,S2,67.3,1.04,5.97,532.45,0.07
531,P001-L3-M3,2025-01-10,S3,72.9,1.45,6.43,514.56,0.07
532,P001-L4-M1,2025-01-04,S3,79.3,2.63,7.37,919.95,0.82
533,P001-L4-M1,2025-01-06,S1,69.1,1.81,6.25,786.46,0.09
534,P001-L4-M1,2025-01-06,S2,71.5,1.76,6.0,803.85,0.07
535,P001-L4-M1,2025-01-07,S1,80.3,3.01,6.23,898.98,0.94
536,P001-L4-M1,2025-01-07,S2,77.8,3.13,6.93,981.38,0.85
537,P001-L4-M1,2025-01-07,S3,80.1,2.91,7.22,921.9,0.89
538,P001-L4-M1,2025-01-08,S1,70.3,1.56,6.1,778.46,0.09
539,P001-L4-M1,2025-01-08,S2,70.5,1.41,5.97,849.83,0.06
540,P001-L4-M1,2025-01-08,S3,74.4,1.64,5.66,791.09,0.07
541,P001-L4-M1,2025-01-09,S1,72.4,1.86,6.14,780.53,0.09
542,P001-L4-M1,2025-01-09,S2,71.7,1.68,6.05,746.44,0.01
543,P001-L4-M1,2025-01-09,S3,75.3,1.86,5.86,688.88,0.02
544,P001-L4-M1,2025-01-10,S3,72.2,1.71,5.96,725.83,0.12
545,P001-L4-M2,2025-01-04,S1,63.9,1.28,6.24,773.33,0.08
546,P001-L4-M2,2025-01-04,S2,67.1,1.23,6.13,687.43,0.1
547,P001-L4-M2,2025-01-04,S3,68.8,0.96,6.01,700.46,0.11
548,P001-L4-M2,2025-01-05,S3,74.5,2.24,7.22,814.57,0.84
549,P001-L4-M2,2025-01-06,S1,75.7,2.03,7.18,813.23,0.91
550,P001-L4-M2,2025-01-06,S2,75.9,2.69,6.94,883.13,0.81
551,P001-L4-M2,2025-01-06,S3,83.3,2.68,7.59,795.16,0.77
552,P001-L4-M2,2025-01-07,S1,63.5,1.17,6.04,724.93,0.0
553,P001-L4-M2,2025-01-07,S2,66.9,0.92,6.0,767.87,0.03
554,P001-L4-M2,2025-01-07,S3,67.7,0.86,6.22,702.57,0.07
555,P001-L4-M2,2025-01-08,S1,65.2,1.1,5.82,761.38,0.01
556,P001-L4-M2,2025-01-09,S1,64.5,1.1,5.88,701.44,0.06
557,P001-L4-M2,2025-01-09,S2,63.5,0.8,5.73,702.87,0.08
558,P001-L4-M2,2025-01-10,S1,65.3,0.72,5.96,746.3,0.07
559,P001-L4-M2,2025-01-10,S2,64.0,0.9,6.3,704.92,0.09
560,P001-L4-M2,2025-01-10,S3,66.6,1.21,5.64,701.39,0.08
561,P001-L4-M3,2025-01-04,S1,72.4,1.65,6.25,935.55,0.05
562,P001-L4-M3,2025-01-04,S2,68.5,1.89,5.8,855.42,0.02
563,P001-L4-M3,2025-01-04,S3,75.4,1.83,6.15,889.36,0.07
564,P001-L4-M3,2025-01-05,S2,85.5,2.98,6.88,1115.42,0.85
565,P001-L4-M3,2025-01-06,S2,70.3,1.63,6.01,895.24,0.06
566,P001-L4-M3,2025-01-06,S3,75.4,1.87,6.1,860.46,0.09
567,P001-L4-M3,2025-01-07,S1,72.2,1.89,6.16,890.96,0.07
568,P001-L4-M3,2025-01-07,S2,71.1,1.53,5.95,891.96,0.06
569,P001-L4-M3,2025-01-08,S1,70.1,1.72,5.77,821.83,0.11
570,P001-L4-M3,2025-01-08,S2,72.4,1.81,6.14,891.03,0.0
571,P001-L4-M3,2025-01-09,S1,80.1,3.23,6.94,984.24,0.77
572,P001-L4-M3,2025-01-09,S2,76.4,3.01,7.47,1012.22,0.84
573,P001-L4-M3,2025-01-10,S1,71.4,1.71,6.07,864.95,0.03
574,P001-L4-M3,2025-01-10,S2,70.6,1.58,5.85,900.44,0.05
575,P001-L5-M1,2025-01-04,S1,67.5,1.2,6.06,530.7,0.06
576,P001-L5-M1,2025-01-05,S3,73.5,1.22,5.88,451.58,0.05
577,P001-L5-M1,2025-01-06,S2,68.9,1.3,6.35,536.99,0.05
578,P001-L5-M1,2025-01-06,S3,70.8,1.56,5.93,526.66,0.0
579,P001-L5-M1,2025-01-07,S1,84.3,2.75,6.47,630.48,0.71
580,P001-L5-M1,2025-01-07,S3,82.3,2.27,7.43,574.08,0.95
581,P001-L5-M1,2025-01-08,S1,70.3,1.36,5.95,555.71,0.02
582,P001-L5-M1,2025-01-08,S2,66.5,1.51,6.43,506.37,0.02
583,P001-L5-M1,2025-01-08,S3,71.1,1.15,5.87,503.21,0.06
584,P001-L5-M1,2025-01-09,S1,68.6,1.62,5.92,517.18,0.08
585,P001-L5-M1,2025-01-09,S2,66.6,1.31,6.16,519.27,0.02
586,P001-L5-M1,2025-01-09,S3,73.9,1.5,6.23,504.61,0.07
587,P001-L5-M1,2025-01-10,S1,68.7,1.25,5.96,526.75,0.1
588,P001-L5-M1,2025-01-10,S2,68.2,1.2,5.97,535.34,0.02
589,P001-L5-M1,2025-01-10,S3,84.7,2.22,6.95,544.83,0.78
590,P001-L5-M2,2025-01-04,S1,66.0,1.52,6.38,906.72,0.03
591,P001-L5-M2,2025-01-04,S3,73.0,1.43,5.79,834.88,0.08
592,P001-L5-M2,2025-01-05,S1,69.6,1.36,5.91,913.79,0.05
593,P001-L5-M2,2025-01-06,S1,66.8,1.4,6.21,848.73,0.04
594,P001-L5-M2,2025-01-06,S2,69.7,1.28,6.04,878.43,0.02
595,P001-L5-M2,2025-01-07,S1,68.5,1.15,5.86,863.83,0.05
596,P001-L5-M2,2025-01-07,S2,67.9,1.45,5.64,874.74,0.03
597,P001-L5-M2,2025-01-07,S3,70.8,1.05,6.09,786.49,0.08
598,P001-L5-M2,2025-01-08,S1,66.6,1.33,5.69,849.47,0.0
599,P001-L5-M2,2025-01-08,S2,66.4,1.4,6.05,886.64,0.02
600,P001-L5-M2,2025-01-08,S3,71.6,1.19,5.89,859.01,0.03
601,P001-L5-M2,2025-01-09,S2,69.2,1.57,5.82,912.88,0.01
602,P001-L5-M2,2025-01-10,S2,69.9,1.6,6.18,913.06,0.06
603,P001-L5-M3,2025-01-04,S1,70.5,1.78,5.75,523.37,0.02
604,P001-L5-M3,2025-01-04,S2,67.9,1.43,6.29,481.1,0.1
605,P001-L5-M3,2025-01-04,S3,80.5,2.4,7.24,578.96,0.65
606,P001-L5-M3,2025-01-06,S1,67.6,1.41,5.92,515.66,0.1
607,P001-L5-M3,2025-01-06,S2,67.9,1.22,5.8,477.28,0.09
608,P001-L5-M3,2025-01-07,S1,84.1,2.68,6.84,535.1,0.74
609,P001-L5-M3,2025-01-07,S2,67.4,1.69,5.56,549.17,0.06
610,P001-L5-M3,2025-01-07,S3,74.5,1.35,5.95,485.89,0.02
611,P001-L5-M3,2025-01-08,S1,68.9,1.63,5.7,541.67,0.09
612,P001-L5-M3,2025-01-08,S3,73.1,1.21,5.99,486.04,0.03
613,P001-L5-M3,2025-01-09,S2,70.2,1.49,6.35,549.71,0.09
614,P001-L5-M3,2025-01-09,S3,73.8,1.35,5.95,472.73,0.01
615,P001-L5-M3,2025-01-10,S1,68.1,1.21,6.24,507.11,0.06
616,P001-L5-M3,2025-01-10,S2,71.4,1.69,6.29,514.57,0.08
617,P001-L5-M3,2025-01-10,S3,72.0,1.72,6.32,461.89,0.07
618,P002-L1-M1,2025-01-04,S1,66.8,1.06,6.15,1030.22,0.08
619,P002-L1-M1,2025-01-04,S2,68.5,1.06,5.86,919.64,0.11
620,P002-L1-M1,2025-01-04,S3,70.2,1.49,5.79,972.38,0.09
621,P002-L1-M1,2025-01-05,S1,78.5,2.1,6.5,1158.22,0.82
622,P002-L1-M1,2025-01-06,S2,69.1,0.92,6.09,929.26,0.06
623,P002-L1-M1,2025-01-06,S3,72.1,1.43,5.97,951.63,0.03
624,P002-L1-M1,2025-01-07,S1,67.8,0.95,6.25,974.24,0.02
625,P002-L1-M1,2025-01-07,S3,69.9,0.94,6.27,882.74,0.11
626,P002-L1-M1,2025-01-08,S1,65.0,0.93,6.38,953.22,0.04
627,P002-L1-M1,2025-01-08,S2,67.7,0.96,6.1,986.29,0.0
628,P002-L1-M1,2025-01-08,S3,69.8,1.0,6.12,979.02,0.08
629,P002-L1-M1,2025-01-09,S1,65.6,1.18,5.69,1034.4,0.12
630,P002-L1-M1,2025-01-09,S2,68.4,1.07,6.23,982.1,0.09
631,P002-L1-M1,2025-01-10,S1,69.0,1.12,5.65,882.47,0.07
632,P002-L1-M1,2025-01-10,S2,64.9,1.37,6.24,1005.24,0.01
633,P002-L1-M1,2025-01-10,S3,69.1,1.44,6.0,900.61,0.01
634,P002-L1-M2,2025-01-04,S1,66.3,1.43,6.06,1132.36,0.03
635,P002-L1-M2,2025-01-04,S2,68.1,1.3,6.18,1053.35,0.03
636,P002-L1-M2,2025-01-04,S3,69.9,1.59,5.72,998.73,0.09
637,P002-L1-M2,2025-01-05,S3,79.3,2.74,6.81,1221.2,0.91
638,P002-L1-M2,2025-01-06,S2,66.6,1.44,5.99,984.86,0.07
639,P002-L1-M2,2025-01-06,S3,69.2,1.52,5.6,972.02,0.06
640,P002-L1-M2,2025-01-07,S1,65.7,1.36,5.84,1098.4,0.12
641,P002-L1-M2,2025-01-07,S2,66.8,1.04,6.03,1070.96,0.02
642,P002-L1-M2,2025-01-08,S1,66.2,1.02,5.95,1038.58,0.09
643,P002-L1-M2,2025-01-08,S2,68.8,1.39,6.15,1004.52,0.1
644,P002-L1-M2,2025-01-08,S3,70.8,1.1,5.8,964.68,0.0
645,P002-L1-M2,2025-01-09,S1,66.7,1.39,6.0,1042.39,0.05
646,P002-L1-M2,2025-01-09,S2,66.9,1.56,6.14,1084.93,0.09
647,P002-L1-M2,2025-01-09,S3,73.1,1.3,5.95,1014.01,0.03
648,P002-L1-M2,2025-01-10,S2,65.7,1.18,5.66,1095.22,0.09
649,P002-L1-M2,2025-01-10,S3,71.2,1.39,5.79,1022.34,0.08
650,P002-L1-M3,2025-01-04,S1,70.7,1.44,6.02,749.26,0.03
651,P002-L1-M3,2025-01-04,S2,70.9,1.77,5.97,786.44,0.03
652,P002-L1-M3,2025-01-05,S2,80.2,3.14,6.86,883.35,0.84
653,P002-L1-M3,2025-01-05,S3,85.5,3.25,7.42,927.59,0.95
654,P002-L1-M3,2025-01-06,S2,71.3,1.38,6.35,764.89,0.12
655,P002-L1-M3,2025-01-07,S1,68.5,1.47,5.94,717.16,0.03
656,P002-L1-M3,2025-01-07,S2,70.5,1.78,5.9,701.25,0.05
657,P002-L1-M3,2025-01-07,S3,72.3,1.41,5.94,717.73,0.1
658,P002-L1-M3,2025-01-08,S1,69.2,1.57,6.24,712.6,0.05
659,P002-L1-M3,2025-01-08,S2,72.5,1.42,5.72,739.24,0.06
660,P002-L1-M3,2025-01-08,S3,73.8,1.33,5.99,669.92,0.03
661,P002-L1-M3,2025-01-09,S1,69.0,1.9,5.9,696.4,0.0
662,P002-L1-M3,2025-01-09,S2,71.7,1.63,6.14,717.71,0.07
663,P002-L1-M3,2025-01-09,S3,81.4,2.58,7.26,806.64,0.85
664,P002-L1-M3,2025-01-10,S1,68.4,1.77,5.96,704.51,0.08
665,P002-L1-M3,2025-01-10,S3,72.2,1.83,5.87,707.84,0.1
666,P002-L2-M1,2025-01-04,S3,71.7,1.28,6.26,503.37,0.04
667,P002-L2-M1,2025-01-06,S1,69.4,1.41,6.14,581.12,0.11
668,P002-L2-M1,2025-01-06,S2,67.8,1.72,6.32,568.32,0.09
669,P002-L2-M1,2025-01-06,S3,73.5,1.7,5.94,507.94,0.02
670,P002-L2-M1,2025-01-07,S1,69.9,1.5,6.23,516.14,0.09
671,P002-L2-M1,2025-01-07,S2,69.8,1.44,6.12,581.12,0.07
672,P002-L2-M1,2025-01-07,S3,73.8,1.44,6.09,519.92,0.07
673,P002-L2-M1,2025-01-08,S1,69.0,1.49,6.16,575.42,0.11
674,P002-L2-M1,2025-01-08,S2,70.0,1.64,6.0,556.9,0.02
675,P002-L2-M1,2025-01-09,S1,71.0,1.51,5.86,500.7,0.1
676,P002-L2-M1,2025-01-09,S2,71.2,1.73,5.9,552.46,0.06
677,P002-L2-M1,2025-01-09,S3,71.3,1.53,6.03,509.0,0.09
678,P002-L2-M1,2025-01-10,S2,67.8,1.62,6.19,498.78,0.04
679,P002-L2-M1,2025-01-10,S3,74.0,1.56,6.1,566.46,0.01
680,P002-L2-M2,2025-01-04,S1,67.6,1.24,6.15,1015.33,0.01
681,P002-L2-M2,2025-01-04,S3,73.2,1.5,6.14,1009.18,0.08
682,P002-L2-M2,2025-01-05,S1,71.5,1.74,6.06,1010.22,0.12
683,P002-L2-M2,2025-01-05,S2,68.3,1.36,5.94,1016.78,0.11
684,P002-L2-M2,2025-01-06,S1,82.9,2.85,7.27,1069.69,0.88
685,P002-L2-M2,2025-01-06,S2,71.1,1.34,6.41,953.7,0.04
686,P002-L2-M2,2025-01-06,S3,73.3,1.71,6.06,1016.92,0.11
687,P002-L2-M2,2025-01-07,S1,75.7,2.42,7.21,1127.48,0.79
688,P002-L2-M2,2025-01-07,S2,70.1,1.39,6.27,1040.73,0.04
689,P002-L2-M2,2025-01-07,S3,74.3,1.72,5.73,905.43,0.02
690,P002-L2-M2,2025-01-08,S1,68.8,1.7,5.82,1024.95,0.04
691,P002-L2-M2,2025-01-08,S2,68.6,1.25,5.99,1041.14,0.05
692,P002-L2-M2,2025-01-08,S3,72.4,1.62,6.11,941.4,0.05
693,P002-L2-M2,2025-01-09,S2,70.4,1.48,5.74,960.86,0.11
694,P002-L2-M2,2025-01-09,S3,71.5,1.28,6.45,989.92,0.06
695,P002-L2-M2,2025-01-10,S1,71.4,1.32,5.98,992.57,0.01
696,P002-L2-M2,2025-01-10,S2,70.5,1.34,6.13,1080.05,0.07
697,P002-L2-M2,2025-01-10,S3,70.7,1.66,5.86,1029.77,0.01
698,P002-L2-M3,2025-01-04,S1,69.3,1.75,6.33,517.18,0.0
699,P002-L2-M3,2025-01-04,S3,72.6,1.79,6.15,515.11,0.1
700,P002-L2-M3,2025-01-05,S3,85.1,2.7,7.58,607.11,0.79
701,P002-L2-M3,2025-01-06,S1,69.9,1.45,6.19,568.53,0.04
702,P002-L2-M3,2025-01-06,S2,71.8,1.31,5.79,577.22,0.08
703,P002-L2-M3,2025-01-07,S1,71.0,1.69,5.72,552.69,0.09
704,P002-L2-M3,2025-01-07,S2,71.5,1.47,6.16,549.66,0.06
705,P002-L2-M3,2025-01-07,S3,73.1,1.63,6.13,489.14,0.07
706,P002-L2-M3,2025-01-08,S1,70.1,1.4,6.23,538.81,0.02
707,P002-L2-M3,2025-01-08,S2,71.5,1.82,6.11,582.79,0.11
708,P002-L2-M3,2025-01-08,S3,73.8,1.75,5.64,542.64,0.0
709,P002-L2-M3,2025-01-09,S1,70.4,1.48,5.61,540.98,0.04
710,P002-L2-M3,2025-01-09,S2,72.3,1.36,6.02,566.81,0.02
711,P002-L2-M3,2025-01-10,S1,70.0,1.59,6.0,547.13,0.02
712,P002-L2-M3,2025-01-10,S2,70.4,1.44,6.06,534.61,0.01
713,P002-L2-M3,2025-01-10,S3,75.6,1.54,6.21,493.78,0.01
714,P002-L3-M1,2025-01-04,S1,67.5,1.25,5.56,690.33,0.04
715,P002-L3-M1,2025-01-04,S2,67.0,1.47,5.99,623.16,0.09
716,P002-L3-M1,2025-01-04,S3,72.8,1.38,5.93,588.82,0.02
717,P002-L3-M1,2025-01-06,S1,69.1,1.43,6.12,654.62,0.09
718,P002-L3-M1,2025-01-06,S2,67.4,1.51,5.94,681.42,0.01
719,P002-L3-M1,2025-01-06,S3,71.5,1.2,6.2,662.67,0.03
720,P002-L3-M1,2025-01-07,S2,70.1,1.59,6.04,648.95,0.01
721,P002-L3-M1,2025-01-07,S3,70.1,1.12,5.81,607.6,0.04
722,P002-L3-M1,2025-01-08,S1,69.4,1.06,5.81,677.34,0.03
723,P002-L3-M1,2025-01-08,S2,66.0,1.45,5.69,648.77,0.11
724,P002-L3-M1,2025-01-08,S3,70.5,1.53,5.94,602.64,0.1
725,P002-L3-M1,2025-01-09,S1,65.9,1.54,6.12,643.93,0.07
726,P002-L3-M1,2025-01-09,S2,66.7,1.55,5.83,608.63,0.06
727,P002-L3-M1,2025-01-09,S3,70.5,1.13,6.03,624.68,0.01
728,P002-L3-M1,2025-01-10,S1,67.8,1.46,5.62,649.65,0.07
729,P002-L3-M2,2025-01-04,S1,67.0,1.12,6.05,614.62,0.11
730,P002-L3-M2,2025-01-04,S2,67.7,1.22,6.03,607.89,0.04
731,P002-L3-M2,2025-01-04,S3,72.8,1.17,6.07,592.65,0.06
732,P002-L3-M2,2025-01-05,S2,76.1,2.91,7.08,685.26,0.67
733,P002-L3-M2,2025-01-06,S1,69.7,1.39,6.22,601.47,0.06
734,P002-L3-M2,2025-01-06,S2,70.4,1.61,6.34,601.39,0.03
735,P002-L3-M2,2025-01-06,S3,71.4,1.18,6.2,624.27,0.05
736,P002-L3-M2,2025-01-07,S1,67.0,1.62,6.12,668.7,0.11
737,P002-L3-M2,2025-01-07,S2,67.9,1.15,6.26,608.38,0.01
738,P002-L3-M2,2025-01-08,S1,70.4,1.5,5.87,588.46,0.06
739,P002-L3-M2,2025-01-08,S3,71.3,1.61,5.66,582.01,0.08
740,P002-L3-M2,2025-01-09,S1,67.5,1.62,6.33,644.15,0.01
741,P002-L3-M2,2025-01-09,S2,83.9,3.11,6.57,768.54,0.77
742,P002-L3-M2,2025-01-09,S3,72.2,1.67,5.71,585.35,0.06
743,P002-L3-M2,2025-01-10,S1,67.5,1.63,5.82,614.06,0.01
744,P002-L3-M2,2025-01-10,S2,70.2,1.23,6.16,598.09,0.08
745,P002-L3-M2,2025-01-10,S3,70.3,1.68,5.76,631.62,0.1
746,P002-L3-M3,2025-01-04,S2,67.5,1.79,5.83,818.53,0.09
747,P002-L3-M3,2025-01-05,S1,79.7,2.59,6.85,865.25,0.87
748,P002-L3-M3,2025-01-05,S2,79.9,2.58,7.03,887.6,0.65
749,P002-L3-M3,2025-01-06,S1,70.1,1.38,6.17,782.26,0.02
750,P002-L3-M3,2025-01-06,S3,72.1,1.63,5.9,784.86,0.04
751,P002-L3-M3,2025-01-07,S1,67.7,1.69,6.04,785.2,0.07
752,P002-L3-M3,2025-01-07,S3,73.6,1.57,5.69,742.42,0.01
753,P002-L3-M3,2025-01-08,S2,70.4,1.3,6.21,821.85,0.1
754,P002-L3-M3,2025-01-08,S3,73.6,1.69,6.16,733.93,0.01
755,P002-L3-M3,2025-01-09,S2,68.6,1.29,6.23,756.96,0.1
756,P002-L3-M3,2025-01-09,S3,71.4,1.5,6.46,799.81,0.01
757,P002-L3-M3,2025-01-10,S1,70.4,1.7,5.81,760.31,0.02
758,P002-L3-M3,2025-01-10,S2,68.0,1.52,6.12,740.01,0.07
759,P002-L3-M3,2025-01-10,S3,71.6,1.76,5.93,716.51,0.08
760,P002-L4-M1,2025-01-04,S2,67.0,1.46,5.7,829.09,0.07
761,P002-L4-M1,2025-01-04,S3,72.3,1.43,5.97,811.58,0.09
762,P002-L4-M1,2025-01-06,S1,69.0,1.13,6.02,770.06,0.05
763,P002-L4-M1,2025-01-06,S2,69.3,1.48,5.79,786.48,0.11
764,P002-L4-M1,2025-01-06,S3,71.5,1.02,5.65,763.0,0.02
765,P002-L4-M1,2025-01-07,S1,66.9,1.2,6.03,866.25,0.1
766,P002-L4-M1,2025-01-07,S2,68.6,1.41,6.38,805.62,0.06
767,P002-L4-M1,2025-01-07,S3,70.5,1.2,6.25,862.86,0.01
768,P002-L4-M1,2025-01-08,S1,66.4,1.29,5.98,844.07,0.02
769,P002-L4-M1,2025-01-08,S2,69.6,1.6,6.08,802.29,0.0
770,P002-L4-M1,2025-01-09,S1,67.6,1.48,6.08,853.79,0.04
771,P002-L4-M1,2025-01-09,S2,67.9,1.02,5.75,812.98,0.01
772,P002-L4-M1,2025-01-09,S3,71.6,1.02,5.73,729.76,0.04
773,P002-L4-M1,2025-01-10,S2,65.9,1.29,5.83,779.2,0.01
774,P002-L4-M2,2025-01-04,S1,75.9,2.58,6.36,481.56,0.72
775,P002-L4-M2,2025-01-04,S2,67.7,1.48,5.91,440.95,0.08
776,P002-L4-M2,2025-01-04,S3,70.9,1.5,6.16,437.53,0.1
777,P002-L4-M2,2025-01-05,S1,74.7,2.43,7.3,498.81,0.73
778,P002-L4-M2,2025-01-05,S2,74.7,2.4,6.82,496.69,0.83
779,P002-L4-M2,2025-01-06,S1,78.2,3.09,7.42,567.78,0.66
780,P002-L4-M2,2025-01-06,S2,78.7,2.95,6.56,485.18,0.97
781,P002-L4-M2,2025-01-06,S3,85.8,2.76,7.49,496.04,0.98
782,P002-L4-M2,2025-01-07,S1,75.2,3.18,7.54,498.34,0.89
783,P002-L4-M2,2025-01-07,S2,76.5,2.34,7.32,530.15,0.91
784,P002-L4-M2,2025-01-08,S1,70.2,1.28,6.08,471.24,0.1
785,P002-L4-M2,2025-01-08,S2,66.7,1.65,5.88,459.77,0.1
786,P002-L4-M2,2025-01-09,S1,70.3,1.44,5.81,452.66,0.03
787,P002-L4-M2,2025-01-09,S3,70.9,1.18,6.0,437.04,0.04
788,P002-L4-M2,2025-01-10,S1,81.7,2.88,6.85,492.61,0.83
789,P002-L4-M2,2025-01-10,S2,76.1,2.98,6.62,489.09,0.9
790,P002-L4-M2,2025-01-10,S3,79.7,2.35,6.16,516.72,0.71
791,P002-L4-M3,2025-01-04,S1,69.4,1.3,6.24,914.0,0.03
792,P002-L4-M3,2025-01-04,S2,68.6,1.39,5.95,851.05,0.01
793,P002-L4-M3,2025-01-05,S2,82.5,2.43,7.39,1073.49,0.86
794,P002-L4-M3,2025-01-05,S3,85.8,2.71,6.86,888.76,0.86
795,P002-L4-M3,2025-01-06,S2,70.6,1.26,5.68,882.39,0.02
796,P002-L4-M3,2025-01-06,S3,72.2,1.35,5.94,899.66,0.01
797,P002-L4-M3,2025-01-07,S1,71.3,1.56,5.78,932.36,0.06
798,P002-L4-M3,2025-01-07,S2,67.5,1.25,6.11,887.67,0.05
799,P002-L4-M3,2025-01-07,S3,74.8,1.6,6.47,879.55,0.01
800,P002-L4-M3,2025-01-09,S1,68.6,1.34,6.21,859.41,0.02
801,P002-L4-M3,2025-01-09,S2,67.7,1.33,5.87,853.72,0.04
802,P002-L4-M3,2025-01-09,S3,72.0,1.74,5.87,977.57,0.09
803,P002-L4-M3,2025-01-10,S3,71.9,1.7,5.83,825.43,0.01
804,P002-L5-M1,2025-01-04,S1,67.0,1.64,5.76,540.77,0.04
805,P002-L5-M1,2025-01-04,S2,67.5,1.14,5.88,502.21,0.01
806,P002-L5-M1,2025-01-05,S3,70.6,1.24,6.23,462.63,0.01
807,P002-L5-M1,2025-01-06,S1,76.4,2.93,7.44,570.37,0.85
808,P002-L5-M1,2025-01-06,S2,77.1,3.12,7.12,541.03,0.8
809,P002-L5-M1,2025-01-08,S1,70.5,1.5,5.97,469.3,0.04
810,P002-L5-M1,2025-01-08,S3,72.1,1.12,5.8,504.31,0.03
811,P002-L5-M1,2025-01-09,S1,68.1,1.39,5.98,519.19,0.11
812,P002-L5-M1,2025-01-09,S2,67.2,1.33,5.86,480.25,0.07
813,P002-L5-M1,2025-01-10,S1,68.6,1.21,6.09,493.25,0.05
814,P002-L5-M1,2025-01-10,S2,68.4,1.34,6.1,501.48,0.06
815,P002-L5-M1,2025-01-10,S3,72.8,1.46,5.62,501.47,0.0
816,P002-L5-M2,2025-01-04,S2,70.0,1.34,6.17,671.87,0.07
817,P002-L5-M2,2025-01-05,S1,80.1,2.96,6.57,820.23,0.8
818,P002-L5-M2,2025-01-06,S1,70.8,1.13,6.3,667.59,0.02
819,P002-L5-M2,2025-01-06,S2,68.3,1.56,6.1,674.41,0.09
820,P002-L5-M2,2025-01-06,S3,70.2,1.29,6.1,631.24,0.11
821,P002-L5-M2,2025-01-07,S2,68.9,1.25,6.09,653.33,0.09
822,P002-L5-M2,2025-01-07,S3,79.4,2.42,6.74,710.45,0.75
823,P002-L5-M2,2025-01-08,S2,70.8,1.65,6.34,686.06,0.03
824,P002-L5-M2,2025-01-09,S1,67.8,1.59,6.16,669.75,0.03
825,P002-L5-M2,2025-01-09,S2,82.5,2.52,6.99,733.37,0.8
826,P002-L5-M2,2025-01-10,S1,78.7,2.56,6.7,819.79,0.69
827,P002-L5-M2,2025-01-10,S2,67.6,1.48,5.92,625.65,0.08
828,P002-L5-M2,2025-01-10,S3,71.5,1.12,6.11,618.99,0.06
829,P002-L5-M3,2025-01-04,S1,66.1,1.59,6.23,534.33,0.01
830,P002-L5-M3,2025-01-04,S2,68.6,1.3,5.76,583.77,0.01
831,P002-L5-M3,2025-01-04,S3,69.0,1.5,6.23,540.61,0.03
832,P002-L5-M3,2025-01-05,S3,78.7,2.68,7.02,602.06,0.69
833,P002-L5-M3,2025-01-06,S1,68.6,1.59,6.24,587.01,0.08
834,P002-L5-M3,2025-01-06,S3,71.7,1.4,5.58,569.57,0.06
835,P002-L5-M3,2025-01-07,S2,68.3,1.54,6.09,508.97,0.01
836,P002-L5-M3,2025-01-08,S1,65.6,1.38,6.03,573.14,0.01
837,P002-L5-M3,2025-01-08,S2,67.5,1.57,5.82,540.16,0.1
838,P002-L5-M3,2025-01-08,S3,69.4,1.18,6.13,548.03,0.08
839,P002-L5-M3,2025-01-09,S1,67.4,1.49,6.13,518.94,0.1
840,P002-L5-M3,2025-01-09,S3,73.1,1.31,6.12,529.02,0.07
841,P002-L5-M3,2025-01-10,S1,68.2,1.49,5.91,563.93,0.09
842,P002-L5-M3,2025-01-10,S2,68.5,1.36,5.62,536.82,0.1
843,P002-L5-M3,2025-01-10,S3,69.0,1.14,5.68,551.42,0.06
844,P003-L1-M1,2025-01-04,S1,68.6,1.4,5.9,805.17,0.03
845,P003-L1-M1,2025-01-04,S3,68.5,1.01,5.92,749.06,0.06
846,P003-L1-M1,2025-01-05,S1,65.7,1.27,6.01,756.67,0.11
847,P003-L1-M1,2025-01-05,S3,71.7,1.41,5.81,705.17,0.04
848,P003-L1-M1,2025-01-06,S1,65.1,1.13,6.03,761.75,0.06
849,P003-L1-M1,2025-01-06,S2,67.1,1.42,5.8,812.02,0.1
850,P003-L1-M1,2025-01-06,S3,71.5,1.31,6.2,804.76,0.04
851,P003-L1-M1,2025-01-07,S3,69.1,1.34,6.24,748.28,0.05
852,P003-L1-M1,2025-01-08,S1,67.2,0.97,6.04,831.42,0.12
853,P003-L1-M1,2025-01-08,S3,69.5,0.99,5.95,768.08,0.01
854,P003-L1-M1,2025-01-09,S1,66.1,0.98,5.53,790.33,0.06
855,P003-L1-M1,2025-01-09,S3,70.4,1.23,5.98,723.39,0.05
856,P003-L1-M1,2025-01-10,S1,64.9,1.33,5.98,790.81,0.05
857,P003-L1-M1,2025-01-10,S2,65.7,1.44,5.89,792.13,0.07
858,P003-L1-M1,2025-01-10,S3,69.2,1.31,5.96,753.53,0.05
859,P003-L1-M2,2025-01-04,S2,68.7,1.68,5.8,494.67,0.12
860,P003-L1-M2,2025-01-04,S3,70.1,1.36,5.94,478.29,0.08
861,P003-L1-M2,2025-01-05,S2,83.1,3.17,7.17,517.19,0.97
862,P003-L1-M2,2025-01-05,S3,85.4,2.75,6.54,573.13,0.69
863,P003-L1-M2,2025-01-06,S1,66.8,1.43,5.98,509.79,0.09
864,P003-L1-M2,2025-01-06,S2,70.7,1.21,6.12,484.45,0.02
865,P003-L1-M2,2025-01-06,S3,73.3,1.41,6.31,500.28,0.0
866,P003-L1-M2,2025-01-07,S2,66.6,1.41,5.76,484.07,0.11
867,P003-L1-M2,2025-01-07,S3,71.6,1.31,6.19,470.88,0.1
868,P003-L1-M2,2025-01-08,S2,69.9,1.46,6.16,478.58,0.07
869,P003-L1-M2,2025-01-08,S3,72.1,1.11,5.58,525.44,0.11
870,P003-L1-M2,2025-01-09,S1,69.2,1.45,6.15,527.91,0.02
871,P003-L1-M2,2025-01-09,S2,69.8,1.29,5.79,491.65,0.1
872,P003-L1-M2,2025-01-10,S1,71.0,1.45,6.19,512.47,0.04
873,P003-L1-M3,2025-01-04,S1,69.4,1.5,6.09,816.92,0.05
874,P003-L1-M3,2025-01-04,S2,69.5,1.62,5.79,809.33,0.09
875,P003-L1-M3,2025-01-05,S3,70.9,1.65,5.86,859.76,0.11
876,P003-L1-M3,2025-01-06,S2,69.8,1.63,6.33,891.21,0.08
877,P003-L1-M3,2025-01-06,S3,74.9,1.45,6.15,770.2,0.09
878,P003-L1-M3,2025-01-07,S1,67.5,1.54,6.1,792.85,0.01
879,P003-L1-M3,2025-01-07,S3,73.1,1.47,5.74,774.88,0.03
880,P003-L1-M3,2025-01-08,S1,68.9,1.69,5.79,801.79,0.12
881,P003-L1-M3,2025-01-08,S2,68.8,1.71,5.98,794.93,0.03
882,P003-L1-M3,2025-01-09,S1,78.9,3.03,7.06,998.35,0.73
883,P003-L1-M3,2025-01-09,S2,77.5,2.85,6.98,949.66,0.91
884,P003-L1-M3,2025-01-09,S3,81.6,2.53,6.81,978.77,0.86
885,P003-L1-M3,2025-01-10,S1,69.4,1.44,6.03,875.52,0.08
886,P003-L1-M3,2025-01-10,S2,67.9,1.44,6.14,808.98,0.09
887,P003-L2-M1,2025-01-04,S1,67.4,0.9,5.65,549.52,0.04
888,P003-L2-M1,2025-01-05,S2,67.6,1.44,6.39,547.77,0.05
889,P003-L2-M1,2025-01-05,S3,71.0,1.07,5.95,584.45,0.07
890,P003-L2-M1,2025-01-06,S1,68.8,1.49,5.76,581.45,0.11
891,P003-L2-M1,2025-01-06,S2,68.8,1.37,5.66,540.02,0.11
892,P003-L2-M1,2025-01-06,S3,70.4,1.43,6.0,533.68,0.02
893,P003-L2-M1,2025-01-07,S2,67.3,1.38,6.27,590.93,0.1
894,P003-L2-M1,2025-01-08,S2,65.0,1.48,5.96,552.32,0.05
895,P003-L2-M1,2025-01-08,S3,70.8,1.2,6.05,572.12,0.03
896,P003-L2-M1,2025-01-09,S1,66.2,0.99,5.79,535.03,0.07
897,P003-L2-M1,2025-01-09,S2,64.8,0.94,6.1,588.5,0.09
898,P003-L2-M1,2025-01-09,S3,71.7,1.17,5.61,531.73,0.11
899,P003-L2-M1,2025-01-10,S2,66.8,1.24,6.02,544.07,0.04
900,P003-L2-M1,2025-01-10,S3,77.3,2.04,6.99,627.07,0.91
901,P003-L2-M2,2025-01-04,S1,86.1,2.75,6.78,883.91,0.94
902,P003-L2-M2,2025-01-04,S3,82.2,2.44,6.77,671.18,0.81
903,P003-L2-M2,2025-01-06,S1,69.8,1.32,6.28,678.5,0.11
904,P003-L2-M2,2025-01-06,S3,75.2,1.4,6.26,716.23,0.03
905,P003-L2-M2,2025-01-07,S2,70.8,1.34,6.08,663.9,0.01
906,P003-L2-M2,2025-01-08,S2,70.1,1.83,5.89,692.48,0.11
907,P003-L2-M2,2025-01-09,S1,69.9,1.77,5.99,644.22,0.08
908,P003-L2-M2,2025-01-09,S2,72.6,1.37,5.56,735.32,0.12
909,P003-L2-M2,2025-01-09,S3,71.6,1.5,6.13,698.24,0.12
910,P003-L2-M2,2025-01-10,S1,70.1,1.48,5.82,678.32,0.1
911,P003-L2-M2,2025-01-10,S2,70.9,1.74,5.89,689.69,0.1
912,P003-L2-M2,2025-01-10,S3,74.9,1.82,6.15,664.04,0.1
913,P003-L2-M3,2025-01-04,S1,69.8,1.57,6.12,912.06,0.07
914,P003-L2-M3,2025-01-04,S2,69.6,1.39,6.27,995.56,0.07
915,P003-L2-M3,2025-01-04,S3,71.5,1.61,6.12,954.31,0.03
916,P003-L2-M3,2025-01-05,S1,83.3,3.14,6.85,979.26,0.79
917,P003-L2-M3,2025-01-05,S3,78.8,2.78,7.06,949.6,0.69
918,P003-L2-M3,2025-01-06,S2,70.7,1.66,5.93,931.12,0.0
919,P003-L2-M3,2025-01-06,S3,72.6,1.27,5.87,936.41,0.01
920,P003-L2-M3,2025-01-07,S1,70.4,1.26,5.9,969.1,0.09
921,P003-L2-M3,2025-01-07,S2,69.7,1.27,5.87,975.97,0.08
922,P003-L2-M3,2025-01-07,S3,72.2,1.42,5.86,862.19,0.09
923,P003-L2-M3,2025-01-08,S1,69.8,1.54,5.91,856.09,0.12
924,P003-L2-M3,2025-01-08,S2,68.8,1.28,6.35,899.01,0.02
925,P003-L2-M3,2025-01-08,S3,80.8,2.81,7.51,1005.33,0.94
926,P003-L2-M3,2025-01-09,S1,66.7,1.17,5.81,886.67,0.02
927,P003-L2-M3,2025-01-09,S2,70.3,1.28,5.84,905.7,0.07
928,P003-L2-M3,2025-01-09,S3,73.4,1.15,6.14,845.74,0.03
929,P003-L2-M3,2025-01-10,S1,70.5,1.69,6.39,948.11,0.01
930,P003-L2-M3,2025-01-10,S2,71.0,1.69,6.24,880.49,0.09
931,P003-L2-M3,2025-01-10,S3,73.1,1.39,6.03,884.39,0.01
932,P003-L3-M1,2025-01-04,S1,68.9,1.55,6.11,772.01,0.06
933,P003-L3-M1,2025-01-04,S2,69.0,1.12,6.21,744.2,0.04
934,P003-L3-M1,2025-01-04,S3,70.3,1.3,6.13,716.31,0.06
935,P003-L3-M1,2025-01-05,S1,69.9,1.58,6.29,788.8,0.07
936,P003-L3-M1,2025-01-05,S2,68.5,1.18,6.09,759.18,0.03
937,P003-L3-M1,2025-01-06,S2,66.2,1.6,5.68,746.58,0.01
938,P003-L3-M1,2025-01-06,S3,70.1,1.2,5.81,702.09,0.1
939,P003-L3-M1,2025-01-07,S1,68.5,1.29,6.01,790.7,0.09
940,P003-L3-M1,2025-01-07,S2,77.1,2.25,7.51,880.19,0.83
941,P003-L3-M1,2025-01-07,S3,70.9,1.29,5.95,700.44,0.07
942,P003-L3-M1,2025-01-08,S1,66.2,1.28,5.94,689.51,0.06
943,P003-L3-M1,2025-01-08,S2,83.5,2.21,7.42,792.57,0.93
944,P003-L3-M1,2025-01-09,S1,82.0,2.44,7.06,753.23,0.98
945,P003-L3-M1,2025-01-09,S2,66.4,1.28,6.09,735.68,0.03
946,P003-L3-M1,2025-01-09,S3,71.1,1.1,6.1,694.33,0.04
947,P003-L3-M1,2025-01-10,S1,67.5,1.19,5.8,771.61,0.02
948,P003-L3-M1,2025-01-10,S2,67.1,1.56,5.84,708.77,0.06
949,P003-L3-M2,2025-01-04,S1,66.7,1.56,6.24,787.79,0.08
950,P003-L3-M2,2025-01-04,S2,76.6,2.93,6.99,928.32,0.97
951,P003-L3-M2,2025-01-04,S3,71.5,1.26,5.78,811.65,0.05
952,P003-L3-M2,2025-01-05,S1,79.8,2.47,6.92,958.71,0.94
953,P003-L3-M2,2025-01-06,S1,82.2,2.74,7.28,1090.6,0.79
954,P003-L3-M2,2025-01-06,S3,72.6,1.36,6.01,780.12,0.0
955,P003-L3-M2,2025-01-07,S1,67.7,1.3,6.22,791.07,0.11
956,P003-L3-M2,2025-01-07,S2,69.7,1.1,5.81,812.74,0.03
957,P003-L3-M2,2025-01-07,S3,69.1,1.53,6.0,842.37,0.04
958,P003-L3-M2,2025-01-08,S1,67.9,1.54,5.99,821.78,0.04
959,P003-L3-M2,2025-01-08,S2,67.8,1.4,6.09,859.13,0.02
960,P003-L3-M2,2025-01-08,S3,71.0,1.33,5.91,823.47,0.11
961,P003-L3-M2,2025-01-09,S1,69.5,1.09,6.14,825.6,0.1
962,P003-L3-M2,2025-01-09,S2,67.4,1.22,5.94,809.39,0.02
963,P003-L3-M2,2025-01-09,S3,71.9,1.56,6.25,750.83,0.01
964,P003-L3-M2,2025-01-10,S3,72.1,1.36,6.05,871.6,0.03
965,P003-L3-M3,2025-01-04,S1,66.0,0.96,6.26,463.21,0.07
966,P003-L3-M3,2025-01-04,S2,65.9,1.12,6.26,489.18,0.03
967,P003-L3-M3,2025-01-04,S3,67.1,1.13,6.29,485.38,0.03
968,P003-L3-M3,2025-01-05,S1,67.2,1.23,5.64,455.3,0.1
969,P003-L3-M3,2025-01-05,S2,64.8,1.02,6.01,482.1,0.1
970,P003-L3-M3,2025-01-06,S2,66.3,0.8,6.33,469.54,0.0
971,P003-L3-M3,2025-01-07,S1,64.7,1.25,6.11,482.07,0.02
972,P003-L3-M3,2025-01-07,S2,66.3,1.23,5.96,476.85,0.04
973,P003-L3-M3,2025-01-07,S3,66.1,1.21,6.11,476.24,0.11
974,P003-L3-M3,2025-01-08,S1,65.2,1.05,5.99,461.79,0.07
975,P003-L3-M3,2025-01-08,S2,65.0,0.87,6.09,491.21,0.05
976,P003-L3-M3,2025-01-08,S3,69.8,0.78,5.68,488.07,0.09
977,P003-L3-M3,2025-01-09,S1,66.2,1.01,6.36,472.75,0.06
978,P003-L3-M3,2025-01-09,S3,67.3,1.03,6.04,464.16,0.0
979,P003-L3-M3,2025-01-10,S1,65.1,1.23,6.42,499.71,0.03
980,P003-L3-M3,2025-01-10,S2,66.2,1.2,5.76,466.67,0.04
981,P003-L4-M1,2025-01-04,S1,68.0,1.4,6.05,1052.02,0.01
982,P003-L4-M1,2025-01-04,S2,68.5,1.07,6.3,1017.94,0.01
983,P003-L4-M1,2025-01-04,S3,70.2,1.14,6.01,966.53,0.04
984,P003-L4-M1,2025-01-05,S2,73.9,2.79,6.85,1197.88,0.78
985,P003-L4-M1,2025-01-05,S3,86.1,2.44,6.75,1050.08,0.89
986,P003-L4-M1,2025-01-06,S1,65.7,1.49,6.13,1089.45,0.05
987,P003-L4-M1,2025-01-06,S3,70.5,1.28,6.05,1068.6,0.07
988,P003-L4-M1,2025-01-07,S1,69.8,1.11,6.06,1090.09,0.01
989,P003-L4-M1,2025-01-07,S2,66.4,1.44,6.38,1007.98,0.03
990,P003-L4-M1,2025-01-08,S2,69.5,1.18,5.51,1023.15,0.05
991,P003-L4-M1,2025-01-08,S3,71.7,1.13,5.7,1033.63,0.02
992,P003-L4-M1,2025-01-09,S1,65.8,1.18,5.81,1012.77,0.02
993,P003-L4-M1,2025-01-10,S1,69.9,1.56,5.59,996.81,0.04
994,P003-L4-M1,2025-01-10,S2,67.0,1.51,6.35,1118.99,0.09
995,P003-L4-M1,2025-01-10,S3,70.8,1.4,6.17,1052.36,0.08
996,P003-L4-M2,2025-01-04,S1,68.1,1.54,6.25,509.93,0.01
997,P003-L4-M2,2025-01-04,S2,66.0,1.55,6.09,479.21,0.1
998,P003-L4-M2,2025-01-04,S3,72.9,1.46,6.2,440.42,0.09
999,P003-L4-M2,2025-01-05,S3,81.6,2.28,6.48,572.99,0.71
1000,P003-L4-M2,2025-01-06,S1,66.8,1.07,5.99,444.35,0.12
1001,P003-L4-M2,2025-01-06,S2,67.2,1.43,6.07,503.54,0.1
1002,P003-L4-M2,2025-01-07,S1,69.9,1.01,5.71,500.93,0.0
1003,P003-L4-M2,2025-01-07,S3,71.8,1.18,6.17,507.84,0.07
1004,P003-L4-M2,2025-01-08,S1,66.6,1.17,6.15,487.7,0.0
1005,P003-L4-M2,2025-01-08,S2,68.9,1.5,5.8,474.09,0.04
1006,P003-L4-M2,2025-01-08,S3,72.9,1.23,5.98,421.1,0.02
1007,P003-L4-M2,2025-01-09,S2,69.4,1.2,6.01,486.58,0.11
1008,P003-L4-M2,2025-01-09,S3,68.6,1.05,5.97,480.54,0.03
1009,P003-L4-M2,2025-01-10,S3,72.7,1.28,5.85,465.81,0.09
1010,P003-L4-M3,2025-01-04,S1,64.5,0.92,5.59,889.05,0.11
1011,P003-L4-M3,2025-01-04,S3,71.3,0.94,6.18,954.43,0.04
1012,P003-L4-M3,2025-01-05,S1,79.2,2.81,7.6,1184.25,0.75
1013,P003-L4-M3,2025-01-05,S3,76.2,2.5,6.45,1035.14,0.73
1014,P003-L4-M3,2025-01-06,S1,66.1,1.12,5.68,877.12,0.02
1015,P003-L4-M3,2025-01-06,S2,67.8,0.94,6.11,965.39,0.12
1016,P003-L4-M3,2025-01-06,S3,69.6,1.13,5.76,899.1,0.06
1017,P003-L4-M3,2025-01-07,S2,66.0,1.37,5.89,982.46,0.09
1018,P003-L4-M3,2025-01-07,S3,68.3,0.89,5.82,875.06,0.07
1019,P003-L4-M3,2025-01-08,S2,64.0,0.84,5.86,846.17,0.08
1020,P003-L4-M3,2025-01-08,S3,68.6,1.09,6.3,832.42,0.03
1021,P003-L4-M3,2025-01-09,S2,66.1,1.35,6.28,891.54,0.1
1022,P003-L4-M3,2025-01-09,S3,70.6,0.89,6.11,940.8,0.01
1023,P003-L4-M3,2025-01-10,S1,66.3,1.21,6.31,856.22,0.08
1024,P003-L4-M3,2025-01-10,S2,66.1,1.3,5.62,971.21,0.02
1025,P003-L4-M3,2025-01-10,S3,68.1,1.33,5.93,819.35,0.06
1026,P003-L5-M1,2025-01-04,S1,66.5,1.18,5.86,740.9,0.09
1027,P003-L5-M1,2025-01-06,S1,66.5,1.15,6.34,774.28,0.04
1028,P003-L5-M1,2025-01-06,S2,69.0,1.35,5.83,807.94,0.05
1029,P003-L5-M1,2025-01-07,S2,67.9,0.99,6.19,733.53,0.0
1030,P003-L5-M1,2025-01-08,S1,68.0,0.98,5.93,791.3,0.03
1031,P003-L5-M1,2025-01-09,S1,64.8,1.24,6.33,713.44,0.09
1032,P003-L5-M1,2025-01-09,S2,67.8,1.16,5.99,737.65,0.01
1033,P003-L5-M1,2025-01-09,S3,71.9,0.95,6.33,738.56,0.07
1034,P003-L5-M1,2025-01-10,S1,72.2,2.32,7.27,882.76,0.84
1035,P003-L5-M1,2025-01-10,S2,77.5,2.58,7.09,869.33,0.85
1036,P003-L5-M2,2025-01-04,S2,68.6,1.76,6.33,696.13,0.09
1037,P003-L5-M2,2025-01-04,S3,74.9,1.77,6.38,721.95,0.11
1038,P003-L5-M2,2025-01-05,S1,70.3,1.47,5.72,680.34,0.08
1039,P003-L5-M2,2025-01-06,S1,83.8,2.89,7.0,791.14,0.95
1040,P003-L5-M2,2025-01-06,S3,85.8,2.68,6.89,754.72,0.87
1041,P003-L5-M2,2025-01-07,S1,69.2,1.53,6.13,701.52,0.05
1042,P003-L5-M2,2025-01-07,S2,68.7,1.58,5.85,696.37,0.08
1043,P003-L5-M2,2025-01-07,S3,74.9,1.62,5.72,653.52,0.1
1044,P003-L5-M2,2025-01-08,S2,70.5,1.47,5.76,718.29,0.12
1045,P003-L5-M2,2025-01-10,S1,72.6,1.86,6.23,734.15,0.08
1046,P003-L5-M2,2025-01-10,S2,69.2,1.42,6.01,657.47,0.05
1047,P003-L5-M2,2025-01-10,S3,73.8,1.84,6.11,711.24,0.02
1048,P003-L5-M3,2025-01-04,S1,69.9,1.4,5.67,802.14,0.02
1049,P003-L5-M3,2025-01-04,S2,66.9,1.27,5.97,742.04,0.08
1050,P003-L5-M3,2025-01-04,S3,73.5,1.37,5.88,772.82,0.1
1051,P003-L5-M3,2025-01-06,S1,70.3,1.26,6.06,826.09,0.06
1052,P003-L5-M3,2025-01-06,S3,72.2,1.4,5.75,772.81,0.02
1053,P003-L5-M3,2025-01-07,S2,67.9,1.42,6.17,842.36,0.06
1054,P003-L5-M3,2025-01-07,S3,70.9,1.65,5.86,759.96,0.07
1055,P003-L5-M3,2025-01-08,S2,74.9,2.87,6.91,945.55,0.85
1056,P003-L5-M3,2025-01-08,S3,80.0,2.33,7.09,897.46,0.94
1057,P003-L5-M3,2025-01-09,S2,68.6,1.45,5.99,779.28,0.1
1058,P003-L5-M3,2025-01-10,S1,69.4,1.42,5.62,849.83,0.01
1059,P004-L1-M1,2025-01-04,S2,67.2,1.12,5.78,1049.92,0.05
1060,P004-L1-M1,2025-01-04,S3,69.3,1.08,6.08,1059.82,0.04
1061,P004-L1-M1,2025-01-05,S1,63.9,1.15,6.02,1030.45,0.05
1062,P004-L1-M1,2025-01-05,S3,70.1,1.32,5.65,1046.15,0.04
1063,P004-L1-M1,2025-01-06,S2,66.2,1.25,5.76,1136.71,0.12
1064,P004-L1-M1,2025-01-06,S3,70.6,0.84,5.89,1057.63,0.04
1065,P004-L1-M1,2025-01-07,S1,63.8,1.05,6.03,1132.59,0.04
1066,P004-L1-M1,2025-01-08,S1,64.5,0.85,6.16,1157.59,0.01
1067,P004-L1-M1,2025-01-08,S2,67.4,1.33,5.72,1064.99,0.07
1068,P004-L1-M1,2025-01-09,S1,64.8,0.84,6.06,1093.9,0.03
1069,P004-L1-M1,2025-01-09,S2,64.1,1.25,5.88,1120.19,0.02
1070,P004-L1-M1,2025-01-09,S3,69.5,0.83,5.65,1056.43,0.03
1071,P004-L1-M1,2025-01-10,S1,64.3,1.08,6.04,1089.82,0.02
1072,P004-L1-M1,2025-01-10,S2,67.6,1.17,6.15,1154.8,0.0
1073,P004-L1-M1,2025-01-10,S3,70.8,1.01,5.76,1007.79,0.08
1074,P004-L1-M2,2025-01-04,S1,67.9,1.44,5.75,1030.59,0.04
1075,P004-L1-M2,2025-01-04,S2,69.5,1.19,6.34,1140.65,0.01
1076,P004-L1-M2,2025-01-04,S3,71.2,1.55,6.29,1136.13,0.12
1077,P004-L1-M2,2025-01-05,S2,76.3,2.39,6.51,1285.64,0.72
1078,P004-L1-M2,2025-01-05,S3,79.9,2.75,7.01,1192.81,0.79
1079,P004-L1-M2,2025-01-06,S2,66.4,1.01,5.87,1111.42,0.11
1080,P004-L1-M2,2025-01-06,S3,70.9,1.38,5.81,975.14,0.0
1081,P004-L1-M2,2025-01-07,S1,66.3,1.32,6.13,1074.97,0.05
1082,P004-L1-M2,2025-01-07,S2,68.8,1.33,6.0,1068.14,0.09
1083,P004-L1-M2,2025-01-07,S3,72.8,1.24,6.13,948.71,0.12
1084,P004-L1-M2,2025-01-08,S1,68.8,1.1,6.27,1116.92,0.0
1085,P004-L1-M2,2025-01-08,S2,67.6,1.57,6.33,1070.87,0.03
1086,P004-L1-M2,2025-01-08,S3,71.3,1.22,5.97,1101.43,0.03
1087,P004-L1-M2,2025-01-09,S1,67.5,1.51,6.13,1126.41,0.11
1088,P004-L1-M2,2025-01-09,S2,69.5,1.54,5.94,1049.75,0.08
1089,P004-L1-M2,2025-01-10,S2,69.9,1.53,5.8,1096.55,0.0
1090,P004-L1-M2,2025-01-10,S3,70.6,1.07,6.16,1034.11,0.06
1091,P004-L1-M3,2025-01-04,S1,68.3,1.63,6.0,912.36,0.05
1092,P004-L1-M3,2025-01-04,S2,69.1,1.32,6.17,928.07,0.11
1093,P004-L1-M3,2025-01-06,S1,72.1,1.72,6.18,891.03,0.02
1094,P004-L1-M3,2025-01-06,S3,75.0,1.51,6.05,864.77,0.1
1095,P004-L1-M3,2025-01-07,S1,71.2,1.58,6.25,908.24,0.03
1096,P004-L1-M3,2025-01-07,S3,73.7,1.55,6.1,914.14,0.01
1097,P004-L1-M3,2025-01-08,S1,83.8,2.57,6.84,1043.72,0.8
1098,P004-L1-M3,2025-01-09,S1,72.8,1.37,6.07,860.14,0.07
1099,P004-L1-M3,2025-01-09,S2,70.0,1.36,6.13,857.35,0.02
1100,P004-L1-M3,2025-01-09,S3,74.0,1.34,6.36,852.01,0.09
1101,P004-L1-M3,2025-01-10,S1,76.1,3.3,7.18,1028.52,0.98
1102,P004-L1-M3,2025-01-10,S2,76.1,3.28,6.5,968.9,0.69
1103,P004-L1-M3,2025-01-10,S3,86.9,3.31,6.83,979.2,0.8
1104,P004-L2-M1,2025-01-04,S1,68.6,1.6,6.26,465.46,0.07
1105,P004-L2-M1,2025-01-04,S2,68.9,1.5,5.82,490.51,0.03
1106,P004-L2-M1,2025-01-04,S3,71.1,1.34,5.79,454.46,0.05
1107,P004-L2-M1,2025-01-06,S1,68.6,1.3,6.38,483.33,0.06
1108,P004-L2-M1,2025-01-06,S2,69.2,1.18,5.83,527.41,0.08
1109,P004-L2-M1,2025-01-07,S1,75.7,2.52,7.46,589.31,0.71
1110,P004-L2-M1,2025-01-07,S3,71.6,1.69,5.94,482.21,0.09
1111,P004-L2-M1,2025-01-08,S1,68.3,1.51,5.9,514.32,0.05
1112,P004-L2-M1,2025-01-08,S3,73.4,1.16,5.94,496.77,0.12
1113,P004-L2-M1,2025-01-09,S1,81.6,2.34,6.68,510.88,0.79
1114,P004-L2-M1,2025-01-09,S2,78.1,2.45,6.3,608.82,0.67
1115,P004-L2-M1,2025-01-09,S3,78.0,2.64,6.71,540.8,0.67
1116,P004-L2-M1,2025-01-10,S1,67.6,1.43,6.32,508.83,0.11
1117,P004-L2-M1,2025-01-10,S3,73.9,1.56,6.21,479.44,0.04
1118,P004-L2-M2,2025-01-04,S1,65.2,1.14,6.15,544.02,0.08
1119,P004-L2-M2,2025-01-04,S2,65.3,0.8,5.54,540.6,0.07
1120,P004-L2-M2,2025-01-04,S3,65.9,1.07,6.16,559.48,0.12
1121,P004-L2-M2,2025-01-05,S1,71.8,2.07,6.24,616.24,0.79
1122,P004-L2-M2,2025-01-06,S1,66.4,1.05,5.68,562.53,0.07
1123,P004-L2-M2,2025-01-06,S2,63.4,1.21,6.22,564.84,0.0
1124,P004-L2-M2,2025-01-06,S3,67.6,0.79,6.25,501.79,0.1
1125,P004-L2-M2,2025-01-07,S1,64.2,1.0,6.24,554.04,0.09
1126,P004-L2-M2,2025-01-07,S2,64.1,1.29,6.18,553.33,0.1
1127,P004-L2-M2,2025-01-07,S3,66.4,0.89,5.77,502.94,0.08
1128,P004-L2-M2,2025-01-08,S3,67.4,1.26,6.25,497.12,0.07
1129,P004-L2-M2,2025-01-09,S2,66.8,0.92,5.89,535.34,0.06
1130,P004-L2-M2,2025-01-09,S3,67.1,0.93,6.01,544.68,0.11
1131,P004-L2-M2,2025-01-10,S2,64.5,0.98,6.28,579.44,0.05
1132,P004-L2-M2,2025-01-10,S3,67.9,0.98,6.27,511.59,0.08
1133,P004-L2-M3,2025-01-04,S1,67.2,1.32,6.42,822.4,0.01
1134,P004-L2-M3,2025-01-04,S3,69.6,0.96,5.9,828.58,0.05
1135,P004-L2-M3,2025-01-05,S2,80.2,2.53,6.31,893.92,0.65
1136,P004-L2-M3,2025-01-06,S1,69.1,1.48,6.06,801.28,0.01
1137,P004-L2-M3,2025-01-06,S2,65.1,1.07,6.17,847.87,0.03
1138,P004-L2-M3,2025-01-06,S3,71.4,1.46,5.99,813.64,0.05
1139,P004-L2-M3,2025-01-07,S1,68.0,1.43,6.09,862.35,0.06
1140,P004-L2-M3,2025-01-07,S2,68.7,1.47,5.82,873.4,0.03
1141,P004-L2-M3,2025-01-07,S3,70.1,1.1,5.8,775.67,0.09
1142,P004-L2-M3,2025-01-08,S1,66.7,1.4,5.88,818.05,0.09
1143,P004-L2-M3,2025-01-08,S2,79.7,2.03,6.99,901.55,0.78
1144,P004-L2-M3,2025-01-08,S3,70.5,1.24,5.81,828.28,0.06
1145,P004-L2-M3,2025-01-09,S1,64.9,1.32,6.18,826.53,0.07
1146,P004-L2-M3,2025-01-09,S2,67.7,1.43,5.8,827.42,0.11
1147,P004-L2-M3,2025-01-09,S3,74.8,2.39,6.92,1007.35,0.69
1148,P004-L2-M3,2025-01-10,S1,69.2,1.09,5.69,811.3,0.08
1149,P004-L2-M3,2025-01-10,S2,65.1,1.19,6.45,880.56,0.1
1150,P004-L2-M3,2025-01-10,S3,68.6,1.04,6.1,801.36,0.03
1151,P004-L3-M1,2025-01-04,S1,68.6,1.49,5.86,1205.88,0.09
1152,P004-L3-M1,2025-01-04,S2,67.3,1.67,6.13,1119.98,0.07
1153,P004-L3-M1,2025-01-04,S3,72.9,1.57,6.04,1084.11,0.03
1154,P004-L3-M1,2025-01-06,S2,68.7,1.15,6.15,1099.35,0.1
1155,P004-L3-M1,2025-01-06,S3,78.1,2.68,7.22,1351.33,0.67
1156,P004-L3-M1,2025-01-07,S3,71.4,1.55,6.15,1118.54,0.05
1157,P004-L3-M1,2025-01-08,S1,67.8,1.2,5.94,1202.49,0.04
1158,P004-L3-M1,2025-01-08,S2,67.3,1.36,5.96,1116.37,0.1
1159,P004-L3-M1,2025-01-08,S3,70.8,1.47,6.22,1128.14,0.06
1160,P004-L3-M1,2025-01-09,S1,82.4,2.62,7.22,1277.64,0.97
1161,P004-L3-M1,2025-01-09,S3,81.9,2.65,7.27,1064.11,0.98
1162,P004-L3-M1,2025-01-10,S2,70.6,1.19,6.24,1099.74,0.1
1163,P004-L3-M1,2025-01-10,S3,69.9,1.41,5.68,1068.06,0.11
1164,P004-L3-M2,2025-01-04,S3,74.4,1.61,6.4,946.8,0.09
1165,P004-L3-M2,2025-01-05,S2,85.1,2.76,7.26,1085.42,0.79
1166,P004-L3-M2,2025-01-06,S1,71.1,1.75,6.13,1064.39,0.05
1167,P004-L3-M2,2025-01-06,S2,69.5,1.54,5.76,1038.37,0.01
1168,P004-L3-M2,2025-01-06,S3,73.0,1.68,5.86,884.33,0.07
1169,P004-L3-M2,2025-01-07,S1,69.0,1.38,6.38,1037.03,0.08
1170,P004-L3-M2,2025-01-07,S3,75.7,1.73,6.41,1004.69,0.01
1171,P004-L3-M2,2025-01-08,S1,70.2,1.71,6.36,1008.72,0.08
1172,P004-L3-M2,2025-01-08,S2,69.3,1.56,5.91,1026.01,0.02
1173,P004-L3-M2,2025-01-08,S3,72.8,1.63,6.06,981.04,0.04
1174,P004-L3-M2,2025-01-09,S1,69.4,1.6,5.86,1014.1,0.08
1175,P004-L3-M2,2025-01-09,S2,69.6,1.41,5.82,1004.31,0.05
1176,P004-L3-M2,2025-01-09,S3,71.8,1.86,6.13,996.28,0.08
1177,P004-L3-M2,2025-01-10,S3,74.8,1.59,6.06,959.94,0.03
1178,P004-L3-M3,2025-01-04,S1,63.5,0.76,6.33,1066.26,0.08
1179,P004-L3-M3,2025-01-04,S2,66.1,0.71,6.2,1146.78,0.04
1180,P004-L3-M3,2025-01-05,S1,67.1,0.9,5.69,1125.18,0.01
1181,P004-L3-M3,2025-01-05,S2,63.9,0.71,6.33,1085.26,0.09
1182,P004-L3-M3,2025-01-06,S1,63.5,1.19,6.26,998.14,0.02
1183,P004-L3-M3,2025-01-06,S3,69.8,1.17,5.97,1108.95,0.04
1184,P004-L3-M3,2025-01-07,S1,66.7,0.74,6.29,991.67,0.03
1185,P004-L3-M3,2025-01-07,S2,63.4,1.22,6.18,1083.09,0.08
1186,P004-L3-M3,2025-01-07,S3,68.7,0.81,5.74,952.14,0.08
1187,P004-L3-M3,2025-01-08,S2,65.5,1.28,6.32,1106.77,0.07
1188,P004-L3-M3,2025-01-08,S3,66.3,0.95,5.82,965.22,0.09
1189,P004-L3-M3,2025-01-09,S1,63.7,1.24,5.97,1050.48,0.11
1190,P004-L3-M3,2025-01-09,S2,67.2,1.29,6.09,1118.77,0.1
1191,P004-L3-M3,2025-01-09,S3,69.1,0.78,6.1,1037.37,0.05
1192,P004-L3-M3,2025-01-10,S1,65.9,0.74,6.23,1056.19,0.09
1193,P004-L3-M3,2025-01-10,S2,67.4,0.71,5.9,1060.25,0.11
1194,P004-L4-M1,2025-01-04,S1,66.5,1.18,5.81,1000.13,0.02
1195,P004-L4-M1,2025-01-04,S2,64.0,1.05,6.2,876.44,0.07
1196,P004-L4-M1,2025-01-04,S3,70.1,1.03,5.95,961.51,0.07
1197,P004-L4-M1,2025-01-05,S2,64.0,1.22,6.18,880.66,0.03
1198,P004-L4-M1,2025-01-06,S1,64.2,1.19,5.92,937.5,0.11
1199,P004-L4-M1,2025-01-06,S3,68.6,0.86,5.82,909.44,0.03
1200,P004-L4-M1,2025-01-07,S2,66.6,0.85,6.15,947.69,0.1
1201,P004-L4-M1,2025-01-07,S3,71.2,1.16,6.04,930.5,0.09
1202,P004-L4-M1,2025-01-08,S2,66.0,0.95,6.28,947.37,0.05
1203,P004-L4-M1,2025-01-08,S3,67.9,0.99,5.98,851.01,0.08
1204,P004-L4-M1,2025-01-09,S1,64.0,0.84,5.71,972.7,0.0
1205,P004-L4-M1,2025-01-09,S2,64.7,0.92,6.14,996.09,0.01
1206,P004-L4-M1,2025-01-09,S3,69.4,1.06,5.72,965.29,0.07
1207,P004-L4-M1,2025-01-10,S1,67.1,1.16,6.29,901.37,0.08
1208,P004-L4-M1,2025-01-10,S2,65.6,1.38,5.88,992.22,0.06
1209,P004-L4-M2,2025-01-04,S1,68.5,1.21,5.92,1009.59,0.11
1210,P004-L4-M2,2025-01-04,S3,69.7,1.28,6.1,849.77,0.1
1211,P004-L4-M2,2025-01-05,S1,74.4,2.36,7.34,1098.97,0.69
1212,P004-L4-M2,2025-01-06,S1,66.6,1.44,6.14,972.58,0.06
1213,P004-L4-M2,2025-01-07,S1,67.9,1.4,5.59,941.02,0.05
1214,P004-L4-M2,2025-01-08,S1,69.3,1.23,6.01,972.93,0.02
1215,P004-L4-M2,2025-01-08,S3,73.6,1.36,6.1,1001.05,0.03
1216,P004-L4-M2,2025-01-09,S1,68.1,1.22,5.88,924.25,0.01
1217,P004-L4-M2,2025-01-10,S1,68.6,1.17,6.23,885.59,0.09
1218,P004-L4-M2,2025-01-10,S2,68.8,1.55,6.19,988.87,0.1
1219,P004-L4-M2,2025-01-10,S3,70.7,1.53,6.14,893.03,0.0
1220,P004-L4-M3,2025-01-04,S1,71.5,1.32,5.69,642.97,0.1
1221,P004-L4-M3,2025-01-04,S2,69.5,1.44,5.72,653.64,0.05
1222,P004-L4-M3,2025-01-06,S1,69.2,1.72,6.17,684.84,0.11
1223,P004-L4-M3,2025-01-06,S2,69.6,1.37,5.78,680.74,0.08
1224,P004-L4-M3,2025-01-06,S3,74.2,1.51,5.9,594.66,0.04
1225,P004-L4-M3,2025-01-07,S1,85.1,2.51,6.48,828.16,0.75
1226,P004-L4-M3,2025-01-07,S2,76.5,3.13,6.74,757.73,0.94
1227,P004-L4-M3,2025-01-07,S3,88.0,2.66,6.52,796.83,0.98
1228,P004-L4-M3,2025-01-08,S1,68.2,1.52,6.01,696.29,0.1
1229,P004-L4-M3,2025-01-08,S2,68.6,1.35,5.98,658.89,0.03
1230,P004-L4-M3,2025-01-09,S1,82.4,3.08,7.35,791.78,0.96
1231,P004-L4-M3,2025-01-10,S1,79.7,2.78,6.76,793.63,0.69
1232,P004-L4-M3,2025-01-10,S2,81.5,2.51,6.42,812.8,0.83
1233,P004-L5-M1,2025-01-04,S1,66.4,1.06,6.07,768.18,0.0
1234,P004-L5-M1,2025-01-04,S2,66.1,1.39,5.67,705.99,0.09
1235,P004-L5-M1,2025-01-04,S3,82.9,2.78,6.68,751.42,0.92
1236,P004-L5-M1,2025-01-05,S1,80.4,2.29,7.36,852.61,0.84
1237,P004-L5-M1,2025-01-06,S1,66.2,1.4,5.56,697.8,0.07
1238,P004-L5-M1,2025-01-06,S2,67.9,1.51,5.99,765.05,0.05
1239,P004-L5-M1,2025-01-06,S3,69.5,1.14,5.82,615.04,0.09
1240,P004-L5-M1,2025-01-07,S1,65.7,1.43,6.11,759.57,0.11
1241,P004-L5-M1,2025-01-07,S2,68.3,1.16,6.09,752.55,0.09
1242,P004-L5-M1,2025-01-07,S3,72.8,1.25,6.12,671.77,0.08
1243,P004-L5-M1,2025-01-08,S1,81.5,2.43,7.24,827.53,0.78
1244,P004-L5-M1,2025-01-08,S2,77.8,2.11,7.02,886.22,0.72
1245,P004-L5-M1,2025-01-08,S3,79.9,2.41,6.77,739.51,0.66
1246,P004-L5-M1,2025-01-09,S1,68.2,1.3,6.2,717.17,0.02
1247,P004-L5-M1,2025-01-09,S3,72.3,1.23,5.81,721.9,0.11
1248,P004-L5-M1,2025-01-10,S1,67.0,1.1,6.03,729.9,0.09
1249,P004-L5-M1,2025-01-10,S3,69.4,1.09,6.06,677.83,0.09
1250,P004-L5-M2,2025-01-04,S2,66.9,1.16,5.83,734.3,0.02
1251,P004-L5-M2,2025-01-04,S3,70.2,1.27,6.35,704.53,0.02
1252,P004-L5-M2,2025-01-05,S1,81.3,2.93,7.2,814.66,0.69
1253,P004-L5-M2,2025-01-06,S1,69.2,1.29,5.78,686.29,0.03
1254,P004-L5-M2,2025-01-06,S2,70.0,1.4,5.57,664.54,0.05
1255,P004-L5-M2,2025-01-07,S2,69.5,1.23,6.3,735.21,0.1
1256,P004-L5-M2,2025-01-07,S3,71.6,1.64,5.95,686.55,0.03
1257,P004-L5-M2,2025-01-08,S1,69.2,1.58,6.17,682.58,0.02
1258,P004-L5-M2,2025-01-08,S2,69.6,1.3,6.21,674.16,0.0
1259,P004-L5-M2,2025-01-08,S3,70.1,1.38,6.04,691.38,0.1
1260,P004-L5-M2,2025-01-09,S2,66.9,1.38,5.91,669.95,0.09
1261,P004-L5-M2,2025-01-09,S3,70.8,1.11,6.03,684.01,0.09
1262,P004-L5-M2,2025-01-10,S2,66.9,1.24,6.02,725.61,0.06
1263,P004-L5-M2,2025-01-10,S3,71.5,1.35,6.21,759.82,0.09
1264,P004-L5-M3,2025-01-04,S1,68.6,1.37,5.71,774.8,0.09
1265,P004-L5-M3,2025-01-04,S2,81.8,2.95,7.11,963.54,0.82
1266,P004-L5-M3,2025-01-04,S3,72.8,1.37,6.13,787.03,0.03
1267,P004-L5-M3,2025-01-06,S1,67.0,1.52,6.04,807.92,0.03
1268,P004-L5-M3,2025-01-06,S2,67.3,1.65,6.04,712.44,0.1
1269,P004-L5-M3,2025-01-06,S3,73.9,1.16,6.33,739.7,0.05
1270,P004-L5-M3,2025-01-07,S1,71.0,1.69,6.18,847.66,0.08
1271,P004-L5-M3,2025-01-07,S2,67.8,1.43,5.92,828.57,0.01
1272,P004-L5-M3,2025-01-07,S3,72.3,1.48,5.76,801.42,0.04
1273,P004-L5-M3,2025-01-08,S1,67.7,1.26,6.11,716.78,0.09
1274,P004-L5-M3,2025-01-08,S2,67.0,1.32,5.87,761.95,0.07
1275,P004-L5-M3,2025-01-08,S3,73.7,1.59,5.89,689.76,0.1
1276,P004-L5-M3,2025-01-09,S2,68.6,1.19,6.05,718.72,0.02
1277,P004-L5-M3,2025-01-09,S3,73.6,1.7,5.98,773.55,0.12
1278,P004-L5-M3,2025-01-10,S1,67.7,1.62,5.89,808.9,0.01
